"","Age","Attrition","BusinessTravel","DailyRate","Department","DistanceFromHome","Education","EducationField","EmployeeCount","EmployeeNumber","EnvironmentSatisfaction","Gender","HourlyRate","JobInvolvement","JobLevel","JobRole","JobSatisfaction","MaritalStatus","MonthlyIncome","MonthlyRate","NumCompaniesWorked","Over18","OverTime","PercentSalaryHike","PerformanceRating","RelationshipSatisfaction","StandardHours","StockOptionLevel","TotalWorkingYears","TrainingTimesLastYear","WorkLifeBalance","YearsAtCompany","YearsInCurrentRole","YearsSinceLastPromotion","YearsWithCurrManager"
"1",32,"No","Travel_Rarely",646,"Research & Development",9,4,"Life Sciences",1,679,1,"Female",92,3,2,"Research Scientist",4,"Married",6322,18089,1,"Y","Yes",12,3,4,80,1,6,2,2,6,4,0,5
"2",32,"No","Travel_Rarely",371,"Sales",19,3,"Life Sciences",1,1739,4,"Male",80,1,3,"Sales Executive",3,"Married",9610,3840,3,"Y","No",13,3,3,80,1,10,2,1,4,3,0,2
"3",57,"No","Travel_Rarely",210,"Sales",29,3,"Marketing",1,568,1,"Male",56,2,4,"Manager",4,"Divorced",14118,22102,3,"Y","No",12,3,3,80,1,32,3,2,1,0,0,0
"4",39,"No","Travel_Rarely",613,"Research & Development",6,1,"Medical",1,2062,4,"Male",42,2,3,"Healthcare Representative",1,"Married",9991,21457,4,"Y","No",15,3,1,80,1,9,5,3,7,7,1,7
"5",32,"No","Travel_Rarely",1018,"Research & Development",3,2,"Life Sciences",1,727,3,"Female",39,3,3,"Research Director",4,"Single",11159,19373,3,"Y","No",15,3,4,80,0,10,6,3,7,7,7,7
"6",27,"No","Travel_Frequently",793,"Sales",2,1,"Life Sciences",1,1371,4,"Male",43,1,2,"Sales Executive",4,"Single",5071,20392,3,"Y","No",20,4,2,80,0,8,3,3,6,2,0,0
"7",30,"No","Travel_Rarely",1465,"Research & Development",1,3,"Medical",1,1241,4,"Male",63,3,1,"Research Scientist",2,"Married",3579,9369,0,"Y","Yes",21,4,1,80,1,12,2,3,11,9,5,7
"8",35,"No","Travel_Rarely",1029,"Research & Development",16,3,"Life Sciences",1,1529,4,"Female",91,2,3,"Healthcare Representative",2,"Single",8606,21195,1,"Y","No",19,3,4,80,0,11,3,1,11,8,3,3
"9",38,"No","Travel_Rarely",1153,"Research & Development",6,2,"Other",1,1782,4,"Female",40,2,1,"Laboratory Technician",3,"Married",3702,16376,1,"Y","No",11,3,2,80,1,5,3,3,5,4,0,4
"10",40,"No","Non-Travel",1094,"Sales",28,3,"Other",1,615,3,"Male",58,1,3,"Sales Executive",1,"Divorced",10932,11373,3,"Y","No",15,3,3,80,1,20,2,3,1,0,0,1
"11",38,"No","Travel_Rarely",268,"Research & Development",2,5,"Medical",1,773,4,"Male",92,3,1,"Research Scientist",3,"Married",3057,20471,6,"Y","Yes",13,3,2,80,1,6,0,1,1,0,0,1
"12",37,"No","Travel_Rarely",571,"Research & Development",10,1,"Life Sciences",1,802,4,"Female",82,3,1,"Research Scientist",1,"Divorced",2782,19905,0,"Y","Yes",13,3,2,80,2,6,3,2,5,3,4,3
"13",36,"No","Travel_Rarely",1266,"Sales",10,4,"Technical Degree",1,1880,2,"Female",63,2,2,"Sales Executive",3,"Married",5673,6060,1,"Y","Yes",13,3,1,80,1,10,4,3,10,9,1,7
"14",35,"No","Travel_Rarely",672,"Research & Development",25,3,"Technical Degree",1,899,4,"Male",78,2,3,"Manufacturing Director",2,"Married",10903,9129,3,"Y","No",16,3,1,80,0,16,2,3,13,10,4,8
"15",46,"No","Travel_Rarely",168,"Sales",4,2,"Marketing",1,1280,4,"Female",33,2,5,"Manager",2,"Married",18789,9946,2,"Y","No",14,3,3,80,1,26,2,3,11,4,0,8
"16",35,"No","Travel_Rarely",1232,"Sales",16,3,"Marketing",1,406,3,"Male",96,3,3,"Sales Executive",2,"Married",8020,5100,0,"Y","No",15,3,3,80,2,12,3,2,11,9,6,9
"17",52,"No","Travel_Rarely",1323,"Research & Development",2,3,"Life Sciences",1,316,3,"Female",89,2,1,"Laboratory Technician",4,"Single",3212,3300,7,"Y","No",15,3,2,80,0,6,3,2,2,2,2,2
"18",35,"No","Travel_Rarely",144,"Research & Development",22,3,"Life Sciences",1,577,4,"Male",46,1,1,"Laboratory Technician",3,"Single",4230,19225,0,"Y","No",15,3,3,80,0,6,2,3,5,4,4,3
"19",50,"No","Travel_Frequently",1421,"Research & Development",2,3,"Medical",1,1215,4,"Female",30,3,4,"Manager",1,"Married",17856,9490,2,"Y","No",22,4,3,80,1,32,3,3,2,2,2,2
"20",42,"No","Travel_Rarely",265,"Sales",5,2,"Marketing",1,1029,4,"Male",90,3,5,"Manager",3,"Married",18303,7770,6,"Y","No",13,3,2,80,0,21,3,4,1,0,0,0
"21",34,"No","Travel_Rarely",1333,"Sales",10,4,"Life Sciences",1,1055,3,"Female",87,3,1,"Sales Representative",3,"Married",2220,18410,1,"Y","Yes",19,3,4,80,1,1,2,3,1,1,0,0
"22",42,"No","Non-Travel",355,"Research & Development",10,4,"Technical Degree",1,1854,3,"Male",38,3,1,"Research Scientist",3,"Married",2936,6161,3,"Y","No",22,4,2,80,2,10,1,2,6,3,3,3
"23",22,"Yes","Travel_Frequently",1368,"Research & Development",4,1,"Technical Degree",1,593,3,"Male",99,2,1,"Laboratory Technician",3,"Single",3894,9129,5,"Y","No",16,3,3,80,0,4,3,3,2,2,1,2
"24",27,"No","Travel_Frequently",994,"Sales",8,3,"Life Sciences",1,56,4,"Male",37,3,3,"Sales Executive",3,"Single",8726,2975,1,"Y","No",15,3,4,80,0,9,0,3,9,8,1,7
"25",27,"No","Travel_Rarely",894,"Research & Development",9,3,"Medical",1,260,4,"Female",99,3,1,"Research Scientist",2,"Single",2279,11781,1,"Y","No",16,3,4,80,0,7,2,2,7,7,0,3
"26",47,"No","Non-Travel",543,"Sales",2,4,"Marketing",1,1731,3,"Male",87,3,2,"Sales Executive",2,"Married",4978,3536,7,"Y","No",11,3,4,80,1,4,3,1,1,0,0,0
"27",52,"Yes","Travel_Rarely",266,"Sales",2,1,"Marketing",1,1038,1,"Female",57,1,5,"Manager",4,"Married",19845,25846,1,"Y","No",15,3,4,80,1,33,3,3,32,14,6,9
"28",41,"Yes","Travel_Rarely",1356,"Sales",20,2,"Marketing",1,248,2,"Female",70,3,1,"Sales Representative",2,"Single",3140,21728,1,"Y","Yes",22,4,4,80,0,4,5,2,4,3,0,2
"29",44,"No","Travel_Rarely",625,"Research & Development",4,3,"Medical",1,852,4,"Male",50,3,2,"Healthcare Representative",2,"Single",5933,5197,9,"Y","No",12,3,4,80,0,10,2,2,5,2,2,3
"30",53,"No","Non-Travel",661,"Research & Development",1,4,"Medical",1,1775,1,"Female",60,2,4,"Manufacturing Director",3,"Married",12965,22308,4,"Y","Yes",20,4,4,80,3,27,2,2,3,2,0,2
"31",58,"Yes","Travel_Rarely",147,"Research & Development",23,4,"Medical",1,165,4,"Female",94,3,3,"Healthcare Representative",4,"Married",10312,3465,1,"Y","No",12,3,4,80,1,40,3,2,40,10,15,6
"32",38,"No","Travel_Rarely",1035,"Sales",3,4,"Life Sciences",1,1036,2,"Male",42,3,2,"Sales Executive",4,"Single",6861,4981,8,"Y","Yes",12,3,3,80,0,19,1,3,1,0,0,0
"33",28,"No","Travel_Rarely",1451,"Research & Development",2,1,"Life Sciences",1,1136,1,"Male",67,2,1,"Research Scientist",2,"Married",3201,19911,0,"Y","No",17,3,1,80,0,6,2,1,5,3,0,4
"34",50,"Yes","Travel_Frequently",562,"Sales",8,2,"Technical Degree",1,723,2,"Male",50,3,2,"Sales Executive",3,"Married",6796,23452,3,"Y","Yes",14,3,1,80,1,18,4,3,4,3,1,3
"35",35,"Yes","Travel_Frequently",880,"Sales",12,4,"Other",1,1667,4,"Male",36,3,2,"Sales Executive",4,"Single",4581,10414,3,"Y","Yes",24,4,1,80,0,13,2,4,11,9,6,7
"36",30,"No","Non-Travel",1398,"Sales",22,4,"Other",1,567,3,"Female",69,3,3,"Sales Executive",1,"Married",8412,2890,0,"Y","No",11,3,3,80,0,10,3,3,9,8,7,8
"37",32,"No","Non-Travel",1200,"Research & Development",1,4,"Technical Degree",1,1574,4,"Male",62,3,2,"Research Scientist",1,"Married",4087,25174,4,"Y","No",14,3,2,80,1,9,3,2,6,5,1,2
"38",32,"No","Travel_Rarely",588,"Sales",8,2,"Technical Degree",1,436,3,"Female",65,2,2,"Sales Executive",2,"Married",5228,24624,1,"Y","Yes",11,3,4,80,0,13,2,3,13,12,11,9
"39",34,"No","Travel_Rarely",216,"Sales",1,4,"Marketing",1,1047,2,"Male",75,4,2,"Sales Executive",4,"Divorced",9725,12278,0,"Y","No",11,3,4,80,1,16,2,2,15,1,0,9
"40",44,"No","Travel_Frequently",602,"Human Resources",1,5,"Human Resources",1,1642,1,"Male",37,3,2,"Human Resources",4,"Married",5743,10503,4,"Y","Yes",11,3,3,80,0,14,3,3,10,7,0,2
"41",39,"No","Travel_Rarely",1132,"Research & Development",1,3,"Medical",1,417,3,"Male",48,4,3,"Healthcare Representative",4,"Divorced",9613,10942,0,"Y","No",17,3,1,80,3,19,5,2,18,10,3,7
"42",36,"Yes","Travel_Rarely",318,"Research & Development",9,3,"Medical",1,90,4,"Male",79,2,1,"Research Scientist",3,"Married",3388,21777,0,"Y","Yes",17,3,1,80,1,2,0,2,1,0,0,0
"43",35,"No","Travel_Rarely",1361,"Sales",17,4,"Life Sciences",1,1218,3,"Male",94,3,2,"Sales Executive",1,"Married",8966,21026,3,"Y","Yes",15,3,4,80,3,15,2,3,7,7,1,7
"44",26,"Yes","Travel_Rarely",1449,"Research & Development",16,4,"Medical",1,394,1,"Male",45,3,1,"Laboratory Technician",2,"Divorced",2373,14180,2,"Y","Yes",13,3,4,80,1,5,2,3,3,2,0,2
"45",47,"No","Travel_Rarely",1482,"Research & Development",5,5,"Life Sciences",1,447,4,"Male",42,3,5,"Research Director",3,"Married",18300,16375,4,"Y","No",11,3,2,80,1,21,2,3,3,2,1,1
"46",36,"No","Travel_Rarely",1040,"Research & Development",3,2,"Life Sciences",1,1664,4,"Male",79,4,2,"Healthcare Representative",1,"Divorced",6842,26308,6,"Y","No",20,4,1,80,1,13,3,3,5,4,0,4
"47",53,"No","Travel_Rarely",447,"Research & Development",2,3,"Medical",1,1472,4,"Male",39,4,4,"Research Director",2,"Single",16598,19764,4,"Y","No",12,3,2,80,0,35,2,2,9,8,8,8
"48",33,"No","Non-Travel",1038,"Sales",8,1,"Life Sciences",1,1044,2,"Female",88,2,1,"Sales Representative",4,"Single",2342,21437,0,"Y","No",19,3,4,80,0,3,2,2,2,2,2,2
"49",27,"No","Travel_Rarely",728,"Sales",23,1,"Medical",1,1864,2,"Female",36,2,2,"Sales Representative",3,"Married",3540,7018,1,"Y","No",21,4,4,80,1,9,5,3,9,8,5,8
"50",48,"Yes","Travel_Frequently",708,"Sales",7,2,"Medical",1,1691,4,"Female",95,3,1,"Sales Representative",3,"Married",2655,11740,2,"Y","Yes",11,3,3,80,2,19,3,3,9,7,7,7
"51",29,"No","Travel_Rarely",726,"Research & Development",29,1,"Life Sciences",1,1859,4,"Male",93,1,2,"Healthcare Representative",3,"Divorced",6384,21143,8,"Y","No",17,3,4,80,2,11,3,3,7,0,1,6
"52",35,"No","Travel_Rarely",1258,"Research & Development",1,4,"Life Sciences",1,826,4,"Female",40,4,1,"Research Scientist",3,"Single",2506,13301,3,"Y","No",13,3,3,80,0,7,0,3,2,2,2,2
"53",44,"No","Non-Travel",489,"Research & Development",23,3,"Medical",1,132,2,"Male",67,3,2,"Laboratory Technician",2,"Married",2042,25043,4,"Y","No",12,3,3,80,1,17,3,4,3,2,1,2
"54",33,"No","Non-Travel",750,"Sales",22,2,"Marketing",1,160,3,"Male",95,3,2,"Sales Executive",2,"Married",6146,15480,0,"Y","No",13,3,1,80,1,8,2,4,7,7,0,7
"55",43,"No","Travel_Rarely",589,"Research & Development",14,2,"Life Sciences",1,843,2,"Male",94,3,4,"Research Director",1,"Married",17159,5200,6,"Y","No",24,4,3,80,1,22,3,3,4,1,1,0
"56",34,"No","Non-Travel",1065,"Sales",23,4,"Marketing",1,60,2,"Male",72,3,2,"Sales Executive",3,"Single",4568,10034,0,"Y","No",20,4,3,80,0,10,2,3,9,5,8,7
"57",26,"No","Travel_Rarely",482,"Research & Development",1,2,"Life Sciences",1,1893,2,"Female",90,2,1,"Research Scientist",3,"Married",2933,14908,1,"Y","Yes",13,3,3,80,1,1,3,2,1,0,1,0
"58",26,"No","Travel_Rarely",652,"Research & Development",7,3,"Other",1,1417,3,"Male",100,4,1,"Laboratory Technician",1,"Single",3578,23577,0,"Y","No",12,3,4,80,0,8,2,3,7,7,0,7
"59",29,"No","Travel_Rarely",1401,"Research & Development",6,1,"Medical",1,1192,2,"Female",54,3,1,"Laboratory Technician",4,"Married",3131,26342,1,"Y","No",13,3,1,80,1,10,5,3,10,8,0,8
"60",36,"No","Non-Travel",1351,"Research & Development",9,4,"Life Sciences",1,1949,1,"Male",66,4,1,"Laboratory Technician",2,"Married",2810,9238,1,"Y","No",22,4,2,80,0,5,3,3,5,4,0,2
"61",36,"No","Travel_Rarely",913,"Research & Development",9,2,"Medical",1,699,2,"Male",48,2,2,"Manufacturing Director",2,"Divorced",8847,13934,2,"Y","Yes",11,3,3,80,1,13,2,3,3,2,0,2
"62",37,"Yes","Travel_Rarely",807,"Human Resources",6,4,"Human Resources",1,133,3,"Male",63,3,1,"Human Resources",1,"Divorced",2073,23648,4,"Y","Yes",22,4,4,80,0,7,3,3,3,2,0,2
"63",44,"No","Travel_Rarely",1199,"Research & Development",4,2,"Life Sciences",1,1288,3,"Male",92,4,5,"Manager",1,"Divorced",19190,17477,1,"Y","No",14,3,4,80,2,26,4,2,25,9,14,13
"64",47,"No","Travel_Frequently",1379,"Research & Development",16,4,"Medical",1,987,3,"Male",64,4,2,"Manufacturing Director",3,"Divorced",5067,6759,1,"Y","Yes",19,3,3,80,0,20,3,4,19,10,2,7
"65",19,"No","Travel_Rarely",265,"Research & Development",25,3,"Life Sciences",1,1269,2,"Female",57,4,1,"Research Scientist",4,"Single",2994,21221,1,"Y","Yes",12,3,4,80,0,1,2,3,1,0,0,1
"66",49,"No","Travel_Rarely",722,"Research & Development",25,4,"Life Sciences",1,1617,3,"Female",84,3,1,"Laboratory Technician",1,"Married",3211,22102,1,"Y","No",14,3,4,80,1,10,3,2,9,6,1,4
"67",39,"No","Travel_Rarely",903,"Sales",2,5,"Life Sciences",1,985,1,"Male",41,4,3,"Sales Executive",3,"Single",7880,2560,0,"Y","No",18,3,4,80,0,9,3,3,8,7,0,7
"68",48,"No","Travel_Rarely",277,"Research & Development",6,3,"Life Sciences",1,1022,1,"Male",97,2,2,"Healthcare Representative",3,"Single",4240,13119,2,"Y","No",13,3,4,80,0,19,0,3,2,2,2,2
"69",35,"No","Travel_Rarely",950,"Research & Development",7,3,"Other",1,845,3,"Male",59,3,3,"Manufacturing Director",3,"Single",10221,18869,3,"Y","No",21,4,2,80,0,17,3,4,8,5,1,6
"70",41,"Yes","Travel_Rarely",1360,"Research & Development",12,3,"Technical Degree",1,58,2,"Female",49,3,5,"Research Director",3,"Married",19545,16280,1,"Y","No",12,3,4,80,0,23,0,3,22,15,15,8
"71",30,"Yes","Travel_Frequently",334,"Sales",26,4,"Marketing",1,299,3,"Female",52,2,2,"Sales Executive",1,"Single",6696,22967,5,"Y","No",15,3,3,80,0,9,5,2,6,3,0,1
"72",27,"No","Travel_Rarely",269,"Research & Development",5,1,"Technical Degree",1,844,3,"Male",42,2,3,"Research Director",4,"Divorced",12808,8842,1,"Y","Yes",16,3,2,80,1,9,3,3,9,8,0,8
"73",34,"No","Travel_Rarely",479,"Research & Development",7,4,"Medical",1,1577,1,"Male",35,3,1,"Research Scientist",4,"Single",2972,22061,1,"Y","No",13,3,3,80,0,1,4,1,1,0,0,0
"74",32,"No","Travel_Rarely",1062,"Research & Development",2,3,"Medical",1,471,3,"Female",75,3,1,"Laboratory Technician",2,"Married",2370,3956,1,"Y","No",13,3,3,80,1,8,4,3,8,0,0,7
"75",38,"No","Travel_Rarely",1404,"Sales",1,3,"Life Sciences",1,1961,1,"Male",59,2,1,"Sales Representative",1,"Single",2858,11473,4,"Y","No",14,3,1,80,0,20,3,2,1,0,0,0
"76",28,"No","Non-Travel",120,"Sales",4,3,"Medical",1,129,2,"Male",43,3,2,"Sales Executive",3,"Married",4221,8863,1,"Y","No",15,3,2,80,0,5,3,4,5,4,0,4
"77",31,"No","Travel_Rarely",1398,"Human Resources",8,2,"Medical",1,1461,4,"Female",96,4,1,"Human Resources",2,"Single",2109,24609,9,"Y","No",18,3,4,80,0,8,3,3,3,2,0,2
"78",50,"No","Travel_Frequently",1246,"Human Resources",3,3,"Medical",1,644,1,"Male",99,3,5,"Manager",2,"Married",18200,7999,1,"Y","No",11,3,3,80,1,32,2,3,32,5,10,7
"79",51,"No","Travel_Frequently",1456,"Research & Development",1,4,"Medical",1,145,1,"Female",30,2,3,"Healthcare Representative",1,"Single",7484,25796,3,"Y","No",20,4,3,80,0,23,1,2,13,12,12,8
"80",33,"No","Travel_Rarely",213,"Research & Development",7,3,"Medical",1,817,3,"Male",49,3,3,"Research Director",3,"Married",11691,25995,0,"Y","No",11,3,4,80,0,14,3,4,13,9,3,7
"81",29,"Yes","Travel_Rarely",408,"Research & Development",25,5,"Technical Degree",1,565,3,"Female",71,2,1,"Research Scientist",2,"Married",2546,18300,5,"Y","No",16,3,2,80,0,6,2,4,2,2,1,1
"82",37,"No","Non-Travel",1063,"Research & Development",25,5,"Medical",1,529,2,"Female",72,3,2,"Research Scientist",3,"Married",4449,23866,3,"Y","Yes",15,3,1,80,2,15,2,3,13,11,10,7
"83",42,"No","Travel_Rarely",1210,"Research & Development",2,3,"Medical",1,1542,3,"Male",68,2,1,"Laboratory Technician",2,"Married",4841,24052,4,"Y","No",14,3,2,80,1,4,3,3,1,0,0,0
"84",24,"Yes","Travel_Frequently",381,"Research & Development",9,3,"Medical",1,1494,2,"Male",89,3,1,"Laboratory Technician",1,"Single",3172,16998,2,"Y","Yes",11,3,3,80,0,4,2,2,0,0,0,0
"85",30,"No","Travel_Frequently",1312,"Research & Development",2,4,"Technical Degree",1,1745,4,"Female",78,2,1,"Research Scientist",1,"Single",4968,26427,0,"Y","No",16,3,4,80,0,10,2,3,9,7,0,7
"86",40,"No","Travel_Rarely",750,"Research & Development",12,3,"Life Sciences",1,1829,2,"Female",47,3,2,"Healthcare Representative",1,"Divorced",4448,10748,2,"Y","No",12,3,2,80,1,15,3,3,7,4,7,7
"87",24,"No","Travel_Rarely",771,"Research & Development",1,2,"Life Sciences",1,1981,2,"Male",45,2,2,"Healthcare Representative",3,"Single",4617,14120,1,"Y","No",12,3,2,80,0,4,2,2,4,3,1,2
"88",40,"Yes","Travel_Rarely",676,"Research & Development",9,4,"Life Sciences",1,1534,4,"Male",86,3,1,"Laboratory Technician",1,"Single",2018,21831,3,"Y","No",14,3,2,80,0,15,3,1,5,4,1,0
"89",21,"Yes","Travel_Rarely",337,"Sales",7,1,"Marketing",1,1780,2,"Male",31,3,1,"Sales Representative",2,"Single",2679,4567,1,"Y","No",13,3,2,80,0,1,3,3,1,0,1,0
"90",50,"No","Travel_Rarely",264,"Sales",9,3,"Marketing",1,1591,3,"Male",59,3,5,"Manager",3,"Married",19331,19519,4,"Y","Yes",16,3,3,80,1,27,2,3,1,0,0,0
"91",26,"No","Travel_Rarely",1443,"Sales",23,3,"Marketing",1,72,3,"Female",47,2,2,"Sales Executive",4,"Married",4157,21436,7,"Y","Yes",19,3,3,80,1,5,2,2,2,2,0,0
"92",35,"No","Travel_Frequently",944,"Sales",1,3,"Marketing",1,314,3,"Female",92,3,3,"Sales Executive",3,"Single",8789,9096,1,"Y","No",14,3,1,80,0,10,3,4,10,7,0,8
"93",30,"No","Non-Travel",829,"Research & Development",1,1,"Life Sciences",1,292,3,"Male",88,2,3,"Manufacturing Director",3,"Single",8474,20925,1,"Y","No",22,4,3,80,0,12,2,3,11,8,5,8
"94",39,"No","Travel_Rarely",408,"Research & Development",2,4,"Technical Degree",1,721,4,"Female",80,2,2,"Healthcare Representative",3,"Single",4553,20978,1,"Y","No",11,3,1,80,0,20,4,3,20,7,11,10
"95",38,"No","Travel_Frequently",1189,"Research & Development",1,3,"Life Sciences",1,1668,4,"Male",90,3,2,"Research Scientist",4,"Married",4735,9867,7,"Y","No",15,3,4,80,2,19,4,4,13,11,2,9
"96",50,"No","Travel_Rarely",1207,"Research & Development",28,1,"Medical",1,716,4,"Male",74,4,1,"Laboratory Technician",3,"Married",3221,3297,1,"Y","Yes",11,3,3,80,3,20,3,3,20,8,3,8
"97",33,"No","Travel_Frequently",1303,"Research & Development",7,2,"Life Sciences",1,1970,4,"Male",36,3,2,"Healthcare Representative",3,"Divorced",5968,18079,1,"Y","No",20,4,3,80,3,9,2,3,9,7,2,8
"98",47,"No","Non-Travel",1162,"Research & Development",1,1,"Medical",1,2000,3,"Female",98,3,3,"Research Director",2,"Married",11957,17231,0,"Y","No",18,3,1,80,2,14,3,1,13,8,5,12
"99",48,"No","Travel_Rarely",855,"Research & Development",4,3,"Life Sciences",1,1363,4,"Male",54,3,3,"Manufacturing Director",4,"Single",7898,18706,1,"Y","No",11,3,3,80,0,11,2,3,10,9,0,8
"100",37,"No","Non-Travel",1413,"Research & Development",5,2,"Technical Degree",1,1440,3,"Male",84,4,1,"Laboratory Technician",3,"Single",3500,25470,0,"Y","No",14,3,1,80,0,7,2,1,6,5,1,3
"101",33,"No","Travel_Rarely",392,"Sales",2,4,"Medical",1,1670,4,"Male",93,3,2,"Sales Executive",4,"Divorced",5505,3921,1,"Y","No",14,3,3,80,2,6,5,3,6,2,0,4
"102",39,"Yes","Travel_Frequently",203,"Research & Development",2,3,"Life Sciences",1,1127,1,"Male",84,3,4,"Healthcare Representative",4,"Divorced",12169,13547,7,"Y","No",11,3,4,80,3,21,4,3,18,7,11,5
"103",30,"No","Travel_Rarely",1334,"Sales",4,2,"Medical",1,121,3,"Female",63,2,2,"Sales Executive",2,"Divorced",5209,19760,1,"Y","Yes",12,3,2,80,3,11,4,2,11,8,2,7
"104",36,"No","Travel_Rarely",1120,"Sales",11,4,"Marketing",1,2045,2,"Female",100,2,2,"Sales Executive",4,"Married",6652,14369,4,"Y","No",13,3,1,80,1,8,2,2,6,3,0,0
"105",31,"No","Travel_Rarely",746,"Research & Development",8,4,"Life Sciences",1,98,3,"Female",61,3,2,"Manufacturing Director",4,"Single",4424,20682,1,"Y","No",23,4,4,80,0,11,2,3,11,7,1,8
"106",40,"No","Travel_Rarely",1308,"Research & Development",14,3,"Medical",1,1128,3,"Male",44,2,5,"Research Director",3,"Single",19626,17544,1,"Y","No",14,3,1,80,0,21,2,4,20,7,4,9
"107",40,"No","Travel_Frequently",692,"Research & Development",11,3,"Technical Degree",1,1985,4,"Female",73,3,2,"Laboratory Technician",3,"Married",6323,26849,1,"Y","No",11,3,1,80,1,10,2,4,10,9,9,4
"108",29,"No","Travel_Frequently",442,"Sales",2,2,"Life Sciences",1,388,2,"Male",44,3,2,"Sales Executive",4,"Single",4554,20260,1,"Y","No",18,3,1,80,0,10,3,2,10,7,0,9
"109",18,"No","Non-Travel",1431,"Research & Development",14,3,"Medical",1,1839,2,"Female",33,3,1,"Research Scientist",3,"Single",1514,8018,1,"Y","No",16,3,3,80,0,0,4,1,0,0,0,0
"110",45,"No","Non-Travel",589,"Sales",2,4,"Life Sciences",1,1845,3,"Female",67,3,2,"Sales Executive",3,"Married",5154,19665,4,"Y","No",22,4,2,80,2,10,3,4,8,7,5,7
"111",18,"Yes","Non-Travel",247,"Research & Development",8,1,"Medical",1,1156,3,"Male",80,3,1,"Laboratory Technician",3,"Single",1904,13556,1,"Y","No",12,3,4,80,0,0,0,3,0,0,0,0
"112",44,"No","Travel_Rarely",1117,"Research & Development",2,1,"Life Sciences",1,1246,1,"Female",72,4,1,"Research Scientist",4,"Married",2011,19982,1,"Y","No",13,3,4,80,1,10,5,3,10,5,7,7
"113",21,"Yes","Travel_Rarely",1427,"Research & Development",18,1,"Other",1,923,4,"Female",65,3,1,"Research Scientist",4,"Single",2693,8870,1,"Y","No",19,3,1,80,0,1,3,2,1,0,0,0
"114",40,"No","Travel_Frequently",1184,"Sales",2,4,"Medical",1,1212,2,"Male",62,3,2,"Sales Executive",2,"Married",4327,25440,5,"Y","No",12,3,4,80,3,5,2,3,0,0,0,0
"115",38,"No","Travel_Rarely",1206,"Research & Development",9,2,"Life Sciences",1,1940,2,"Male",71,3,1,"Research Scientist",4,"Divorced",4771,14293,2,"Y","No",19,3,4,80,2,10,0,4,5,2,0,3
"116",19,"Yes","Non-Travel",504,"Research & Development",10,3,"Medical",1,1248,1,"Female",96,2,1,"Research Scientist",2,"Single",1859,6148,1,"Y","Yes",25,4,2,80,0,1,2,4,1,1,0,0
"117",31,"No","Travel_Rarely",1232,"Research & Development",7,4,"Medical",1,462,3,"Female",39,3,3,"Manufacturing Director",4,"Single",7143,25713,1,"Y","Yes",14,3,3,80,0,11,2,2,11,9,4,10
"118",36,"No","Travel_Rarely",329,"Research & Development",2,3,"Life Sciences",1,501,4,"Female",96,3,1,"Research Scientist",3,"Married",2543,11868,4,"Y","No",13,3,2,80,1,6,3,3,2,2,2,2
"119",34,"No","Travel_Rarely",1157,"Research & Development",5,2,"Medical",1,1696,2,"Male",57,2,2,"Laboratory Technician",4,"Married",3986,11912,1,"Y","No",14,3,3,80,1,15,3,4,15,10,4,13
"120",25,"Yes","Travel_Rarely",688,"Research & Development",3,3,"Medical",1,538,1,"Male",91,3,1,"Laboratory Technician",1,"Married",4031,9396,5,"Y","No",13,3,3,80,1,6,5,3,2,2,0,2
"121",34,"No","Travel_Rarely",181,"Research & Development",2,4,"Medical",1,1755,4,"Male",97,4,1,"Research Scientist",4,"Married",2932,5586,0,"Y","Yes",14,3,1,80,3,6,3,3,5,0,1,2
"122",33,"Yes","Travel_Rarely",211,"Sales",16,3,"Life Sciences",1,1758,1,"Female",74,3,3,"Sales Executive",1,"Single",8564,10092,2,"Y","Yes",20,4,3,80,0,11,2,2,0,0,0,0
"123",54,"No","Travel_Rarely",685,"Research & Development",3,3,"Life Sciences",1,1250,4,"Male",85,3,4,"Research Director",4,"Married",17779,23474,3,"Y","No",14,3,1,80,0,36,2,3,10,9,0,9
"124",24,"No","Travel_Rarely",1127,"Research & Development",18,1,"Life Sciences",1,150,2,"Male",52,3,1,"Laboratory Technician",3,"Married",2774,13257,0,"Y","No",12,3,3,80,1,6,2,3,5,3,1,2
"125",35,"No","Travel_Frequently",138,"Research & Development",2,3,"Medical",1,269,2,"Female",37,3,2,"Laboratory Technician",2,"Single",4425,15986,5,"Y","No",11,3,4,80,0,10,5,3,6,2,1,2
"126",32,"Yes","Travel_Rarely",1259,"Research & Development",2,4,"Life Sciences",1,1692,4,"Male",95,3,1,"Laboratory Technician",2,"Single",1393,24852,1,"Y","No",12,3,1,80,0,1,2,3,1,0,0,0
"127",20,"Yes","Travel_Rarely",500,"Sales",2,3,"Medical",1,922,3,"Female",49,2,1,"Sales Representative",3,"Single",2044,22052,1,"Y","No",13,3,4,80,0,2,3,2,2,2,0,2
"128",38,"No","Travel_Frequently",1490,"Research & Development",2,2,"Life Sciences",1,556,4,"Male",42,3,1,"Laboratory Technician",4,"Married",1702,12106,1,"Y","Yes",23,4,3,80,1,1,3,3,1,0,0,0
"129",30,"No","Travel_Frequently",721,"Research & Development",1,2,"Medical",1,57,3,"Female",58,3,2,"Laboratory Technician",4,"Single",4011,10781,1,"Y","No",23,4,4,80,0,12,2,3,12,8,3,7
"130",41,"No","Travel_Rarely",802,"Sales",9,1,"Life Sciences",1,176,3,"Male",96,3,3,"Sales Executive",3,"Divorced",8189,21196,3,"Y","Yes",13,3,3,80,1,12,2,3,9,7,0,7
"131",26,"Yes","Travel_Rarely",471,"Research & Development",24,3,"Technical Degree",1,622,3,"Male",66,1,1,"Laboratory Technician",4,"Single",2340,23213,1,"Y","Yes",18,3,2,80,0,1,3,1,1,0,0,0
"132",41,"Yes","Non-Travel",906,"Research & Development",5,2,"Life Sciences",1,1210,1,"Male",95,2,1,"Research Scientist",1,"Divorced",2107,20293,6,"Y","No",17,3,1,80,1,5,2,1,1,0,0,0
"133",38,"No","Travel_Frequently",508,"Research & Development",6,4,"Life Sciences",1,1997,1,"Male",72,2,2,"Manufacturing Director",3,"Married",5321,14284,2,"Y","No",11,3,4,80,1,10,1,3,8,3,7,7
"134",44,"Yes","Travel_Rarely",935,"Research & Development",3,3,"Life Sciences",1,1333,1,"Male",89,3,1,"Laboratory Technician",1,"Married",2362,14669,4,"Y","No",12,3,3,80,0,10,4,4,3,2,1,2
"135",44,"Yes","Travel_Rarely",1376,"Human Resources",1,2,"Medical",1,1098,2,"Male",91,2,3,"Human Resources",1,"Married",10482,2326,9,"Y","No",14,3,4,80,1,24,1,3,20,6,3,6
"136",44,"No","Travel_Rarely",986,"Research & Development",8,4,"Life Sciences",1,874,1,"Male",62,4,1,"Laboratory Technician",4,"Married",2818,5044,2,"Y","Yes",24,4,3,80,1,10,2,2,3,2,0,2
"137",45,"No","Non-Travel",1195,"Research & Development",2,2,"Medical",1,264,1,"Male",65,2,4,"Manager",4,"Married",16792,20462,9,"Y","No",23,4,4,80,1,22,1,3,20,8,11,8
"138",36,"Yes","Travel_Rarely",660,"Research & Development",15,3,"Other",1,1052,1,"Male",81,3,2,"Laboratory Technician",3,"Divorced",4834,7858,7,"Y","No",14,3,2,80,1,9,3,2,1,0,0,0
"139",30,"No","Travel_Rarely",979,"Sales",15,2,"Marketing",1,1754,3,"Male",94,2,3,"Sales Executive",1,"Divorced",7140,3088,2,"Y","No",11,3,1,80,1,12,2,3,7,7,1,7
"140",34,"No","Travel_Rarely",971,"Sales",1,3,"Technical Degree",1,1535,4,"Male",64,2,3,"Sales Executive",3,"Married",7083,12288,1,"Y","Yes",14,3,4,80,0,10,3,3,10,9,8,6
"141",46,"No","Travel_Rarely",991,"Human Resources",1,2,"Life Sciences",1,1314,4,"Female",44,3,1,"Human Resources",1,"Single",3423,22957,6,"Y","No",12,3,3,80,0,10,3,4,7,6,5,7
"142",51,"No","Travel_Rarely",1318,"Sales",26,4,"Marketing",1,851,1,"Female",66,3,4,"Manager",3,"Married",16307,5594,2,"Y","No",14,3,3,80,1,29,2,2,20,6,4,17
"143",34,"Yes","Travel_Frequently",296,"Sales",6,2,"Marketing",1,555,4,"Female",33,1,1,"Sales Representative",3,"Divorced",2351,12253,0,"Y","No",16,3,4,80,1,3,3,2,2,2,1,0
"144",24,"Yes","Travel_Frequently",1287,"Research & Development",7,3,"Life Sciences",1,647,1,"Female",55,3,1,"Laboratory Technician",3,"Married",2886,14168,1,"Y","Yes",16,3,4,80,1,6,4,3,6,3,1,2
"145",39,"Yes","Travel_Rarely",360,"Research & Development",23,3,"Medical",1,1310,3,"Male",93,3,1,"Research Scientist",1,"Single",3904,22154,0,"Y","No",13,3,1,80,0,6,2,3,5,2,0,3
"146",31,"No","Travel_Rarely",196,"Sales",29,4,"Marketing",1,1784,1,"Female",91,2,2,"Sales Executive",4,"Married",5468,13402,1,"Y","No",14,3,1,80,2,13,3,3,12,7,5,7
"147",49,"No","Travel_Rarely",1098,"Research & Development",4,2,"Medical",1,1256,1,"Male",85,2,5,"Manager",3,"Married",18711,12124,2,"Y","No",13,3,3,80,1,23,2,4,1,0,0,0
"148",39,"No","Travel_Rarely",1462,"Sales",6,3,"Medical",1,1588,4,"Male",38,4,3,"Sales Executive",3,"Married",8237,4658,2,"Y","No",11,3,1,80,1,11,3,3,7,6,7,6
"149",34,"No","Travel_Rarely",507,"Sales",15,2,"Medical",1,1356,3,"Female",66,3,2,"Sales Executive",1,"Single",6125,23553,1,"Y","No",12,3,4,80,0,10,6,4,10,8,9,6
"150",45,"No","Travel_Rarely",1234,"Sales",11,2,"Life Sciences",1,1045,4,"Female",90,3,4,"Manager",4,"Married",17650,5404,3,"Y","No",13,3,2,80,1,26,4,4,9,3,1,1
"151",40,"No","Travel_Rarely",1194,"Research & Development",2,4,"Medical",1,2051,3,"Female",98,3,1,"Research Scientist",3,"Married",2001,12549,2,"Y","No",14,3,2,80,3,20,2,3,5,3,0,2
"152",33,"No","Travel_Frequently",1141,"Sales",1,3,"Life Sciences",1,52,3,"Female",42,4,2,"Sales Executive",1,"Married",5376,3193,2,"Y","No",19,3,1,80,2,10,3,3,5,3,1,3
"153",20,"No","Travel_Rarely",959,"Research & Development",1,3,"Life Sciences",1,657,4,"Female",83,2,1,"Research Scientist",2,"Single",2836,11757,1,"Y","No",13,3,4,80,0,1,0,4,1,0,0,0
"154",35,"No","Travel_Rarely",219,"Research & Development",16,2,"Other",1,1886,4,"Female",44,2,2,"Manufacturing Director",2,"Married",4788,25388,0,"Y","Yes",11,3,4,80,0,4,2,3,3,2,0,2
"155",46,"Yes","Travel_Rarely",1254,"Sales",10,3,"Life Sciences",1,1869,3,"Female",64,3,3,"Sales Executive",2,"Married",7314,14011,5,"Y","No",21,4,3,80,3,14,2,3,8,7,0,7
"156",45,"No","Travel_Rarely",374,"Sales",20,3,"Life Sciences",1,2046,4,"Female",50,3,2,"Sales Executive",3,"Single",4850,23333,8,"Y","No",15,3,3,80,0,8,3,3,5,3,0,1
"157",31,"No","Travel_Frequently",444,"Sales",5,3,"Marketing",1,399,4,"Female",84,3,1,"Sales Representative",2,"Divorced",2789,3909,1,"Y","No",11,3,3,80,1,2,5,2,2,2,2,2
"158",39,"No","Travel_Rarely",141,"Human Resources",3,3,"Human Resources",1,760,3,"Female",44,4,2,"Human Resources",2,"Married",6389,18767,9,"Y","No",15,3,3,80,1,12,3,1,8,3,3,6
"159",27,"No","Travel_Rarely",1134,"Research & Development",16,4,"Technical Degree",1,1001,3,"Female",37,3,1,"Laboratory Technician",2,"Married",2811,12086,9,"Y","No",14,3,2,80,1,4,2,3,2,2,2,2
"160",29,"No","Travel_Frequently",490,"Research & Development",10,3,"Life Sciences",1,1143,4,"Female",61,3,1,"Research Scientist",2,"Divorced",3291,17940,0,"Y","No",14,3,4,80,2,8,2,2,7,5,1,1
"161",55,"No","Non-Travel",444,"Research & Development",2,1,"Medical",1,1074,3,"Male",40,2,4,"Manager",1,"Single",16756,17323,7,"Y","No",15,3,2,80,0,31,3,4,9,7,6,2
"162",42,"No","Travel_Frequently",1474,"Research & Development",5,2,"Other",1,591,2,"Male",97,3,1,"Laboratory Technician",3,"Married",2093,9260,4,"Y","No",17,3,4,80,1,8,4,3,2,2,2,0
"163",25,"No","Travel_Rarely",1280,"Research & Development",7,1,"Medical",1,143,4,"Male",64,2,1,"Research Scientist",4,"Married",2889,26897,1,"Y","No",11,3,3,80,2,2,2,3,2,2,2,1
"164",51,"No","Travel_Rarely",1405,"Research & Development",11,2,"Technical Degree",1,1367,4,"Female",82,2,4,"Manufacturing Director",2,"Single",13142,24439,3,"Y","No",16,3,2,80,0,29,1,2,5,2,0,3
"165",41,"No","Non-Travel",247,"Research & Development",7,1,"Life Sciences",1,1035,2,"Female",55,1,5,"Research Director",3,"Divorced",19973,20284,1,"Y","No",22,4,2,80,2,21,3,3,21,16,5,10
"166",41,"No","Non-Travel",267,"Sales",10,2,"Life Sciences",1,599,4,"Male",56,3,2,"Sales Executive",4,"Single",6230,13430,7,"Y","No",14,3,4,80,0,16,3,3,14,3,1,10
"167",30,"No","Travel_Rarely",201,"Research & Development",5,3,"Technical Degree",1,197,4,"Female",84,3,1,"Research Scientist",1,"Divorced",3204,10415,5,"Y","No",14,3,4,80,1,8,3,3,3,2,2,2
"168",37,"No","Travel_Rarely",1305,"Research & Development",10,4,"Life Sciences",1,518,3,"Male",49,3,2,"Manufacturing Director",2,"Single",4197,21123,2,"Y","Yes",12,3,4,80,0,18,2,2,1,0,0,1
"169",27,"Yes","Travel_Rarely",135,"Research & Development",17,4,"Life Sciences",1,1405,4,"Female",51,3,1,"Research Scientist",3,"Single",2394,25681,1,"Y","Yes",13,3,4,80,0,8,2,3,8,2,7,7
"170",25,"Yes","Travel_Frequently",599,"Sales",24,1,"Life Sciences",1,1273,3,"Male",73,1,1,"Sales Representative",4,"Single",1118,8040,1,"Y","Yes",14,3,4,80,0,1,4,3,1,0,1,0
"171",29,"No","Travel_Frequently",574,"Research & Development",20,1,"Medical",1,1852,4,"Male",40,3,1,"Laboratory Technician",4,"Married",3812,7003,1,"Y","No",13,3,2,80,0,11,3,4,11,8,3,10
"172",37,"No","Travel_Rarely",671,"Research & Development",19,3,"Life Sciences",1,1631,3,"Male",85,3,2,"Manufacturing Director",3,"Married",5768,26493,3,"Y","No",17,3,1,80,3,9,2,2,4,3,0,2
"173",50,"No","Travel_Rarely",1046,"Research & Development",10,3,"Technical Degree",1,491,4,"Male",100,2,3,"Healthcare Representative",4,"Single",10496,2755,6,"Y","No",15,3,4,80,0,20,2,3,4,3,1,3
"174",36,"No","Non-Travel",1434,"Sales",8,4,"Life Sciences",1,789,1,"Male",76,2,3,"Sales Executive",1,"Single",7587,14229,1,"Y","No",15,3,2,80,0,10,1,3,10,7,0,9
"175",57,"No","Travel_Rarely",405,"Research & Development",1,2,"Life Sciences",1,1483,2,"Male",93,4,2,"Research Scientist",3,"Married",4900,2721,0,"Y","No",24,4,1,80,1,13,2,2,12,9,2,8
"176",33,"No","Travel_Rarely",1198,"Research & Development",1,4,"Other",1,939,3,"Male",100,2,1,"Research Scientist",1,"Single",2799,3339,3,"Y","Yes",11,3,2,80,0,6,1,3,3,2,0,2
"177",56,"No","Travel_Rarely",206,"Human Resources",8,4,"Life Sciences",1,1338,4,"Male",99,3,5,"Manager",2,"Single",19717,4022,6,"Y","No",14,3,1,80,0,36,4,3,7,3,7,7
"178",56,"No","Travel_Rarely",832,"Research & Development",9,3,"Medical",1,762,3,"Male",81,3,4,"Healthcare Representative",4,"Married",11103,20420,7,"Y","No",11,3,3,80,0,30,1,2,10,7,1,1
"179",39,"No","Non-Travel",1251,"Sales",21,4,"Life Sciences",1,1929,1,"Female",32,1,2,"Sales Executive",3,"Married",5736,3987,6,"Y","No",19,3,3,80,1,10,1,3,3,2,1,2
"180",28,"Yes","Travel_Rarely",890,"Research & Development",2,4,"Medical",1,828,3,"Male",46,3,1,"Research Scientist",3,"Single",4382,16374,6,"Y","No",17,3,4,80,0,5,3,2,2,2,2,1
"181",29,"No","Travel_Frequently",806,"Research & Development",1,4,"Life Sciences",1,710,2,"Male",76,1,1,"Research Scientist",4,"Divorced",2720,18959,1,"Y","No",18,3,4,80,1,10,5,3,10,7,2,8
"182",28,"Yes","Travel_Rarely",103,"Research & Development",24,3,"Life Sciences",1,19,3,"Male",50,2,1,"Laboratory Technician",3,"Single",2028,12947,5,"Y","Yes",14,3,2,80,0,6,4,3,4,2,0,3
"183",34,"No","Travel_Rarely",1400,"Sales",9,1,"Life Sciences",1,1163,2,"Female",70,3,2,"Sales Executive",3,"Married",5714,5829,1,"Y","No",20,4,1,80,0,6,3,2,6,5,1,3
"184",30,"No","Travel_Rarely",1288,"Sales",29,4,"Technical Degree",1,1568,3,"Male",33,3,3,"Sales Executive",2,"Married",9250,17799,3,"Y","No",12,3,2,80,1,9,3,3,4,2,1,3
"185",35,"No","Travel_Rarely",1370,"Research & Development",27,4,"Life Sciences",1,1728,4,"Male",49,3,2,"Manufacturing Director",3,"Married",6883,5151,2,"Y","No",16,3,2,80,1,17,3,3,7,7,0,7
"186",31,"No","Travel_Frequently",715,"Sales",2,4,"Other",1,1613,4,"Male",54,3,2,"Sales Executive",1,"Single",5332,21602,7,"Y","No",13,3,4,80,0,10,3,3,5,2,0,3
"187",34,"No","Travel_Rarely",943,"Research & Development",9,3,"Life Sciences",1,1344,4,"Male",86,3,3,"Healthcare Representative",4,"Divorced",8500,5494,0,"Y","No",11,3,4,80,1,10,0,2,9,7,1,6
"188",29,"No","Travel_Rarely",136,"Research & Development",1,3,"Life Sciences",1,1954,1,"Male",89,3,2,"Healthcare Representative",1,"Married",5373,6225,0,"Y","No",12,3,1,80,1,6,5,2,5,3,0,2
"189",34,"No","Travel_Rarely",704,"Sales",28,3,"Marketing",1,2035,4,"Female",95,2,2,"Sales Executive",3,"Married",6712,8978,1,"Y","No",21,4,4,80,2,8,2,3,8,7,1,7
"190",38,"No","Travel_Rarely",168,"Research & Development",1,3,"Life Sciences",1,743,3,"Female",81,3,3,"Manufacturing Director",3,"Single",7861,15397,4,"Y","Yes",14,3,4,80,0,10,4,4,1,0,0,0
"191",43,"No","Travel_Frequently",1422,"Sales",2,4,"Life Sciences",1,1849,1,"Male",92,3,2,"Sales Executive",4,"Married",5675,19246,1,"Y","No",20,4,3,80,1,7,5,3,7,7,7,7
"192",39,"No","Travel_Rarely",722,"Sales",24,1,"Marketing",1,2056,2,"Female",60,2,4,"Sales Executive",4,"Married",12031,8828,0,"Y","No",11,3,1,80,1,21,2,2,20,9,9,6
"193",31,"No","Travel_Frequently",798,"Research & Development",7,2,"Life Sciences",1,442,3,"Female",48,2,3,"Manufacturing Director",3,"Married",8943,14034,1,"Y","No",24,4,1,80,1,10,2,3,10,9,8,9
"194",26,"Yes","Travel_Frequently",342,"Research & Development",2,3,"Life Sciences",1,1053,1,"Male",57,3,1,"Research Scientist",1,"Married",2042,15346,6,"Y","Yes",14,3,2,80,1,6,2,3,3,2,1,2
"195",34,"No","Travel_Rarely",401,"Research & Development",1,3,"Life Sciences",1,1447,4,"Female",86,2,1,"Laboratory Technician",2,"Married",3294,3708,5,"Y","No",17,3,1,80,1,7,2,2,5,4,0,2
"196",51,"Yes","Travel_Rarely",1323,"Research & Development",4,4,"Life Sciences",1,1081,1,"Male",34,3,1,"Research Scientist",3,"Married",2461,10332,9,"Y","Yes",12,3,3,80,3,18,2,4,10,0,2,7
"197",34,"No","Travel_Rarely",1111,"Sales",8,2,"Life Sciences",1,808,3,"Female",93,3,2,"Sales Executive",1,"Married",6500,13305,5,"Y","No",17,3,2,80,1,6,1,3,3,2,1,2
"198",55,"No","Travel_Rarely",147,"Research & Development",20,2,"Technical Degree",1,389,2,"Male",37,3,2,"Laboratory Technician",4,"Married",5415,15972,3,"Y","Yes",19,3,4,80,1,12,4,3,10,7,0,8
"199",29,"No","Non-Travel",746,"Sales",2,3,"Life Sciences",1,469,4,"Male",61,3,2,"Sales Executive",3,"Married",4649,16928,1,"Y","No",14,3,1,80,1,4,3,2,4,3,0,2
"200",30,"No","Non-Travel",879,"Research & Development",9,2,"Medical",1,1298,3,"Female",72,3,2,"Manufacturing Director",3,"Single",4695,12858,7,"Y","Yes",18,3,3,80,0,10,3,3,8,4,1,7
"201",44,"Yes","Travel_Frequently",920,"Research & Development",24,3,"Life Sciences",1,392,4,"Male",43,3,1,"Laboratory Technician",3,"Divorced",3161,19920,3,"Y","Yes",22,4,4,80,1,19,0,1,1,0,0,0
"202",30,"Yes","Travel_Rarely",138,"Research & Development",22,3,"Life Sciences",1,1004,1,"Female",48,3,1,"Research Scientist",3,"Married",2132,11539,4,"Y","Yes",11,3,2,80,0,7,2,3,5,2,0,1
"203",55,"No","Travel_Frequently",135,"Research & Development",18,4,"Medical",1,1034,3,"Male",62,3,2,"Healthcare Representative",2,"Married",6385,12992,3,"Y","Yes",14,3,4,80,2,17,3,3,8,7,6,7
"204",59,"No","Travel_Rarely",1435,"Sales",25,3,"Life Sciences",1,81,1,"Female",99,3,3,"Sales Executive",1,"Single",7637,2354,7,"Y","No",11,3,4,80,0,28,3,2,21,16,7,9
"205",34,"No","Travel_Rarely",810,"Sales",8,2,"Technical Degree",1,1823,2,"Male",92,4,2,"Sales Executive",3,"Married",6799,22128,1,"Y","No",21,4,3,80,2,10,5,3,10,8,4,8
"206",33,"No","Travel_Rarely",217,"Sales",10,4,"Marketing",1,1924,2,"Male",43,3,2,"Sales Executive",3,"Single",5487,10410,1,"Y","No",14,3,2,80,0,10,2,2,10,4,0,9
"207",32,"No","Travel_Rarely",498,"Research & Development",3,4,"Medical",1,966,3,"Female",93,3,2,"Manufacturing Director",1,"Married",6725,13554,1,"Y","No",12,3,3,80,1,8,2,4,8,7,6,3
"208",55,"No","Travel_Rarely",111,"Sales",1,2,"Life Sciences",1,106,1,"Male",70,3,3,"Sales Executive",4,"Married",10239,18092,3,"Y","No",14,3,4,80,1,24,4,3,1,0,1,0
"209",36,"No","Non-Travel",1105,"Research & Development",24,4,"Life Sciences",1,419,2,"Female",47,3,2,"Laboratory Technician",2,"Married",5674,6927,7,"Y","No",15,3,3,80,1,11,3,3,9,8,0,8
"210",35,"No","Travel_Rarely",1219,"Sales",18,3,"Medical",1,975,3,"Female",86,3,2,"Sales Executive",3,"Married",4601,6179,1,"Y","No",16,3,2,80,0,5,3,3,5,2,1,0
"211",21,"No","Travel_Rarely",996,"Research & Development",3,2,"Medical",1,379,4,"Male",100,2,1,"Research Scientist",3,"Single",3230,10531,1,"Y","No",17,3,1,80,0,3,4,4,3,2,1,0
"212",37,"No","Travel_Rarely",446,"Research & Development",1,4,"Life Sciences",1,635,2,"Female",65,3,2,"Manufacturing Director",2,"Married",6447,15701,6,"Y","No",12,3,2,80,1,8,2,2,6,5,4,3
"213",23,"No","Travel_Rarely",310,"Research & Development",10,1,"Medical",1,784,1,"Male",79,4,1,"Research Scientist",3,"Single",3505,19630,1,"Y","No",18,3,4,80,0,2,3,3,2,2,0,2
"214",35,"No","Non-Travel",1225,"Research & Development",2,4,"Life Sciences",1,771,4,"Female",61,3,2,"Healthcare Representative",1,"Divorced",5093,4761,2,"Y","No",11,3,1,80,1,16,2,4,1,0,0,0
"215",33,"Yes","Travel_Frequently",827,"Research & Development",29,4,"Medical",1,1101,1,"Female",54,2,2,"Research Scientist",3,"Single",4508,3129,1,"Y","No",22,4,2,80,0,14,4,3,13,7,3,8
"216",27,"No","Travel_Rarely",1054,"Research & Development",8,3,"Medical",1,1751,3,"Female",67,3,1,"Research Scientist",4,"Single",3445,6152,1,"Y","No",11,3,3,80,0,6,5,2,6,2,1,4
"217",39,"Yes","Non-Travel",592,"Research & Development",2,3,"Life Sciences",1,1458,1,"Female",54,2,1,"Laboratory Technician",1,"Single",3646,17181,2,"Y","Yes",23,4,2,80,0,11,2,4,1,0,0,0
"218",32,"No","Non-Travel",976,"Sales",26,4,"Marketing",1,333,3,"Male",100,3,2,"Sales Executive",4,"Married",4465,12069,0,"Y","No",18,3,1,80,0,4,2,3,3,2,2,2
"219",31,"No","Non-Travel",1188,"Sales",20,2,"Marketing",1,947,4,"Female",45,3,2,"Sales Executive",3,"Married",6932,24406,1,"Y","No",13,3,4,80,1,9,2,2,9,8,0,0
"220",45,"No","Travel_Rarely",193,"Research & Development",6,4,"Other",1,101,4,"Male",52,3,3,"Research Director",1,"Married",13245,15067,4,"Y","Yes",14,3,2,80,0,17,3,4,0,0,0,0
"221",27,"No","Travel_Rarely",511,"Sales",2,2,"Medical",1,1898,1,"Female",89,4,2,"Sales Executive",3,"Single",6500,26997,0,"Y","No",14,3,2,80,0,9,5,2,8,7,0,7
"222",21,"Yes","Travel_Frequently",251,"Research & Development",10,2,"Life Sciences",1,1279,1,"Female",45,2,1,"Laboratory Technician",3,"Single",2625,25308,1,"Y","No",20,4,3,80,0,2,2,1,2,2,2,2
"223",58,"No","Travel_Rarely",605,"Sales",21,3,"Life Sciences",1,1938,4,"Female",72,3,4,"Manager",4,"Married",17875,11761,4,"Y","Yes",13,3,3,80,1,29,2,2,1,0,0,0
"224",36,"No","Travel_Rarely",676,"Research & Development",1,3,"Other",1,823,3,"Female",35,3,2,"Manufacturing Director",2,"Married",5228,23361,0,"Y","No",15,3,1,80,1,10,2,3,9,7,0,5
"225",33,"Yes","Travel_Rarely",527,"Research & Development",1,4,"Other",1,780,4,"Male",63,3,1,"Research Scientist",4,"Single",2686,5207,1,"Y","Yes",13,3,3,80,0,10,2,2,10,9,7,8
"226",36,"No","Non-Travel",635,"Sales",10,4,"Medical",1,592,2,"Male",32,3,3,"Sales Executive",4,"Single",9980,15318,1,"Y","No",14,3,4,80,0,10,3,2,10,3,9,7
"227",25,"No","Travel_Rarely",891,"Sales",4,2,"Life Sciences",1,527,2,"Female",99,2,2,"Sales Executive",4,"Single",4487,12090,1,"Y","Yes",11,3,2,80,0,5,3,3,5,4,1,3
"228",32,"No","Non-Travel",1109,"Research & Development",29,4,"Medical",1,1046,4,"Female",69,3,1,"Laboratory Technician",3,"Single",4025,11135,9,"Y","No",12,3,2,80,0,10,2,3,8,7,7,7
"229",38,"No","Non-Travel",573,"Research & Development",6,3,"Medical",1,107,2,"Female",79,1,2,"Research Scientist",4,"Divorced",5329,15717,7,"Y","Yes",12,3,4,80,3,17,3,3,13,11,1,9
"230",40,"No","Non-Travel",458,"Research & Development",16,2,"Life Sciences",1,1340,3,"Male",74,3,1,"Research Scientist",3,"Divorced",3544,8532,9,"Y","No",16,3,2,80,1,6,0,3,4,2,0,0
"231",55,"No","Non-Travel",177,"Research & Development",8,1,"Medical",1,1278,4,"Male",37,2,4,"Healthcare Representative",2,"Divorced",13577,25592,1,"Y","Yes",15,3,4,80,1,34,3,3,33,9,15,0
"232",26,"Yes","Travel_Rarely",920,"Human Resources",20,2,"Medical",1,1818,4,"Female",69,3,1,"Human Resources",2,"Married",2148,6889,0,"Y","Yes",11,3,3,80,0,6,3,3,5,1,1,4
"233",36,"No","Travel_Rarely",852,"Research & Development",5,4,"Life Sciences",1,51,2,"Female",82,2,1,"Research Scientist",1,"Married",3419,13072,9,"Y","Yes",14,3,4,80,1,6,3,4,1,1,0,0
"234",42,"No","Travel_Frequently",1368,"Research & Development",28,4,"Technical Degree",1,551,4,"Female",88,2,2,"Healthcare Representative",4,"Married",4523,4386,0,"Y","No",11,3,4,80,3,7,4,4,6,5,0,4
"235",30,"Yes","Travel_Frequently",600,"Human Resources",8,3,"Human Resources",1,1747,3,"Female",66,2,1,"Human Resources",4,"Divorced",2180,9732,6,"Y","No",11,3,3,80,1,6,0,2,4,2,1,2
"236",42,"No","Travel_Rarely",269,"Research & Development",2,3,"Medical",1,351,4,"Female",56,2,1,"Laboratory Technician",1,"Divorced",2593,8007,0,"Y","Yes",11,3,3,80,1,10,4,3,9,6,7,8
"237",45,"No","Travel_Rarely",974,"Research & Development",1,4,"Medical",1,996,4,"Female",91,3,1,"Laboratory Technician",4,"Divorced",2270,11005,3,"Y","No",14,3,4,80,2,8,2,3,5,3,0,2
"238",47,"No","Travel_Rarely",359,"Research & Development",2,4,"Medical",1,1443,1,"Female",82,3,4,"Research Director",3,"Married",17169,26703,3,"Y","No",19,3,2,80,2,26,2,4,20,17,5,6
"239",51,"No","Travel_Rarely",833,"Research & Development",1,3,"Life Sciences",1,353,3,"Male",96,3,1,"Research Scientist",4,"Married",2723,23231,1,"Y","No",11,3,2,80,0,1,0,2,1,0,0,0
"240",36,"No","Travel_Rarely",1278,"Human Resources",8,3,"Life Sciences",1,878,1,"Male",77,2,1,"Human Resources",1,"Married",2342,8635,0,"Y","No",21,4,3,80,0,6,3,3,5,4,0,3
"241",47,"No","Travel_Rarely",703,"Sales",14,4,"Marketing",1,728,4,"Male",42,3,2,"Sales Executive",1,"Single",4960,11825,2,"Y","No",12,3,4,80,0,20,2,3,7,7,1,7
"242",35,"No","Travel_Rarely",1214,"Research & Development",1,3,"Medical",1,105,2,"Male",30,2,1,"Research Scientist",3,"Single",2859,26278,1,"Y","No",18,3,1,80,0,6,3,3,6,4,0,4
"243",42,"No","Travel_Rarely",201,"Research & Development",1,4,"Life Sciences",1,517,2,"Female",95,3,1,"Laboratory Technician",1,"Divorced",2576,20490,3,"Y","No",16,3,2,80,1,8,5,3,5,2,1,2
"244",37,"No","Travel_Rarely",1372,"Research & Development",1,3,"Life Sciences",1,391,4,"Female",42,3,1,"Research Scientist",4,"Single",2115,15881,1,"Y","No",12,3,2,80,0,17,3,3,17,12,5,7
"245",18,"Yes","Travel_Rarely",230,"Research & Development",3,3,"Life Sciences",1,405,3,"Male",54,3,1,"Laboratory Technician",3,"Single",1420,25233,1,"Y","No",13,3,3,80,0,0,2,3,0,0,0,0
"246",29,"Yes","Travel_Rarely",992,"Research & Development",1,3,"Technical Degree",1,300,3,"Male",85,3,1,"Research Scientist",3,"Single",2058,19757,0,"Y","No",14,3,4,80,0,7,1,2,6,2,1,5
"247",47,"Yes","Travel_Frequently",719,"Sales",27,2,"Life Sciences",1,785,2,"Female",77,4,2,"Sales Executive",3,"Single",6397,10339,4,"Y","Yes",12,3,4,80,0,8,2,3,5,4,1,3
"248",33,"No","Travel_Frequently",508,"Sales",10,3,"Marketing",1,446,2,"Male",46,2,2,"Sales Executive",4,"Single",4682,4317,3,"Y","No",14,3,3,80,0,9,6,2,7,7,0,1
"249",27,"No","Travel_Rarely",954,"Sales",9,3,"Marketing",1,1965,4,"Male",44,3,2,"Sales Executive",4,"Single",4105,5099,1,"Y","No",14,3,1,80,0,7,5,3,7,7,0,7
"250",28,"No","Travel_Rarely",1144,"Sales",10,1,"Medical",1,1056,4,"Male",74,3,1,"Sales Representative",2,"Married",1052,23384,1,"Y","No",22,4,2,80,0,1,5,3,1,0,0,0
"251",26,"No","Travel_Frequently",496,"Research & Development",11,2,"Medical",1,390,1,"Male",60,3,2,"Healthcare Representative",1,"Married",4741,22722,1,"Y","Yes",13,3,3,80,1,5,3,3,5,3,3,3
"252",22,"No","Travel_Rarely",604,"Research & Development",6,1,"Medical",1,675,1,"Male",69,3,1,"Research Scientist",3,"Married",2773,12145,0,"Y","No",20,4,4,80,0,3,3,3,2,2,2,2
"253",51,"No","Travel_Frequently",968,"Research & Development",6,2,"Medical",1,1297,2,"Female",40,2,1,"Laboratory Technician",3,"Single",2838,4257,0,"Y","No",14,3,2,80,0,8,6,2,7,0,7,7
"254",31,"No","Travel_Rarely",408,"Research & Development",9,4,"Life Sciences",1,493,3,"Male",42,2,1,"Research Scientist",2,"Single",2657,7551,0,"Y","Yes",16,3,4,80,0,3,5,3,2,2,2,2
"255",58,"No","Travel_Rarely",1055,"Research & Development",1,3,"Medical",1,1423,4,"Female",76,3,5,"Research Director",1,"Married",19701,22456,3,"Y","Yes",21,4,3,80,1,32,3,3,9,8,1,5
"256",40,"No","Travel_Rarely",616,"Research & Development",2,2,"Life Sciences",1,1802,3,"Female",99,3,1,"Laboratory Technician",1,"Married",3377,25605,4,"Y","No",17,3,4,80,1,7,5,2,4,3,0,2
"257",40,"No","Travel_Rarely",1342,"Sales",9,2,"Medical",1,1548,1,"Male",47,3,2,"Sales Executive",1,"Married",5473,19345,0,"Y","No",12,3,4,80,0,9,5,4,8,4,7,1
"258",38,"No","Travel_Rarely",1321,"Sales",1,4,"Life Sciences",1,1995,4,"Male",86,3,2,"Sales Executive",2,"Married",4440,7636,0,"Y","No",15,3,1,80,2,16,3,3,15,13,5,8
"259",35,"No","Travel_Frequently",1182,"Sales",11,2,"Marketing",1,1137,4,"Male",54,3,2,"Sales Executive",4,"Divorced",4968,18500,1,"Y","No",11,3,4,80,1,5,3,3,5,2,0,2
"260",35,"Yes","Travel_Rarely",104,"Research & Development",2,3,"Life Sciences",1,1569,1,"Female",69,3,1,"Laboratory Technician",1,"Divorced",2074,26619,1,"Y","Yes",12,3,4,80,1,1,2,3,1,0,0,0
"261",25,"No","Travel_Rarely",977,"Research & Development",2,1,"Other",1,1992,4,"Male",57,3,1,"Laboratory Technician",3,"Divorced",3977,7298,6,"Y","Yes",19,3,3,80,1,7,2,2,2,2,0,2
"262",19,"Yes","Travel_Rarely",528,"Sales",22,1,"Marketing",1,167,4,"Male",50,3,1,"Sales Representative",3,"Single",1675,26820,1,"Y","Yes",19,3,4,80,0,0,2,2,0,0,0,0
"263",46,"No","Non-Travel",849,"Sales",26,2,"Life Sciences",1,1801,2,"Male",98,2,2,"Sales Executive",2,"Single",7991,25166,8,"Y","No",15,3,3,80,0,6,3,3,2,2,2,2
"264",30,"No","Travel_Rarely",317,"Research & Development",2,3,"Life Sciences",1,548,3,"Female",43,1,2,"Manufacturing Director",4,"Single",6091,24793,2,"Y","No",20,4,3,80,0,11,2,3,5,4,0,2
"265",27,"No","Travel_Frequently",829,"Sales",8,1,"Marketing",1,800,3,"Male",84,3,2,"Sales Executive",4,"Married",4342,24008,0,"Y","No",19,3,2,80,1,5,3,3,4,2,1,1
"266",31,"No","Travel_Rarely",182,"Research & Development",8,5,"Life Sciences",1,1430,1,"Female",93,3,4,"Research Director",2,"Single",16422,8847,3,"Y","No",11,3,3,80,0,9,3,4,3,2,1,0
"267",33,"No","Travel_Rarely",654,"Research & Development",5,3,"Life Sciences",1,1099,4,"Male",34,2,3,"Healthcare Representative",4,"Divorced",7119,21214,4,"Y","No",15,3,3,80,1,9,2,3,3,2,1,2
"268",52,"No","Travel_Frequently",322,"Research & Development",28,2,"Medical",1,1401,4,"Female",59,4,4,"Manufacturing Director",3,"Married",13247,9731,2,"Y","Yes",11,3,2,80,1,24,3,2,5,3,0,2
"269",38,"No","Travel_Frequently",148,"Research & Development",2,3,"Medical",1,1675,4,"Female",42,2,1,"Laboratory Technician",2,"Single",2440,23826,1,"Y","No",22,4,2,80,0,4,3,3,4,3,3,3
"270",55,"No","Travel_Rarely",836,"Research & Development",2,4,"Technical Degree",1,1873,2,"Male",98,2,1,"Research Scientist",4,"Married",2662,7975,8,"Y","No",20,4,2,80,1,19,2,4,5,2,0,4
"271",29,"Yes","Travel_Frequently",459,"Research & Development",24,2,"Life Sciences",1,1868,4,"Male",73,2,1,"Research Scientist",4,"Single",2439,14753,1,"Y","Yes",24,4,2,80,0,1,3,2,1,0,1,0
"272",48,"No","Travel_Rarely",1236,"Research & Development",1,4,"Life Sciences",1,664,4,"Female",40,2,4,"Manager",1,"Married",15402,17997,7,"Y","No",11,3,1,80,1,21,3,1,3,2,0,2
"273",31,"No","Travel_Rarely",1274,"Research & Development",9,1,"Life Sciences",1,581,3,"Male",33,3,3,"Manufacturing Director",2,"Divorced",10648,14394,1,"Y","No",25,4,4,80,1,13,6,4,13,8,0,8
"274",32,"No","Travel_Frequently",116,"Research & Development",13,3,"Other",1,1234,3,"Female",77,2,1,"Laboratory Technician",2,"Married",2743,7331,1,"Y","No",20,4,3,80,1,2,2,3,2,2,2,2
"275",29,"No","Travel_Rarely",694,"Research & Development",1,3,"Life Sciences",1,1264,4,"Female",87,2,4,"Research Director",4,"Divorced",16124,3423,3,"Y","No",14,3,2,80,2,9,2,2,7,7,1,7
"276",38,"No","Travel_Rarely",343,"Research & Development",15,2,"Life Sciences",1,461,3,"Male",92,2,3,"Research Director",4,"Divorced",11510,15682,0,"Y","Yes",14,3,2,80,1,12,3,3,11,10,2,9
"277",27,"No","Travel_Rarely",155,"Research & Development",4,3,"Life Sciences",1,2064,2,"Male",87,4,2,"Manufacturing Director",2,"Married",6142,5174,1,"Y","Yes",20,4,2,80,1,6,0,3,6,2,0,3
"278",47,"No","Travel_Rarely",1176,"Human Resources",26,4,"Life Sciences",1,1625,4,"Female",98,3,5,"Manager",3,"Married",19658,5220,3,"Y","No",11,3,3,80,1,27,2,3,5,2,1,0
"279",38,"No","Travel_Rarely",397,"Research & Development",2,2,"Medical",1,1638,4,"Female",54,2,3,"Manufacturing Director",3,"Married",7756,14199,3,"Y","Yes",19,3,4,80,1,10,6,4,5,4,0,2
"280",43,"Yes","Travel_Rarely",1372,"Sales",9,3,"Marketing",1,1188,1,"Female",85,1,2,"Sales Executive",3,"Single",5346,9489,8,"Y","No",13,3,2,80,0,7,2,2,4,3,1,3
"281",54,"No","Travel_Rarely",376,"Research & Development",19,4,"Medical",1,799,4,"Female",95,3,2,"Manufacturing Director",1,"Divorced",5485,22670,9,"Y","Yes",11,3,2,80,2,9,4,3,5,3,1,4
"282",33,"No","Travel_Rarely",501,"Research & Development",15,2,"Medical",1,2009,2,"Female",95,3,2,"Healthcare Representative",4,"Married",4878,21653,0,"Y","Yes",13,3,1,80,1,10,6,3,9,7,8,1
"283",32,"Yes","Travel_Rarely",1089,"Research & Development",7,2,"Life Sciences",1,1309,4,"Male",79,3,2,"Laboratory Technician",3,"Married",4883,22845,1,"Y","No",18,3,1,80,1,10,3,3,10,4,1,1
"284",35,"Yes","Travel_Rarely",622,"Research & Development",14,4,"Other",1,1010,3,"Male",39,2,1,"Laboratory Technician",2,"Divorced",3743,10074,1,"Y","Yes",24,4,4,80,1,5,2,1,4,2,0,2
"285",36,"No","Travel_Rarely",188,"Research & Development",7,4,"Other",1,949,2,"Male",65,3,1,"Research Scientist",4,"Single",4678,23293,2,"Y","No",18,3,3,80,0,8,6,3,6,2,0,1
"286",29,"No","Travel_Frequently",1413,"Sales",1,1,"Medical",1,312,2,"Female",42,3,3,"Sales Executive",4,"Married",7918,6599,1,"Y","No",14,3,4,80,1,11,5,3,11,10,4,1
"287",41,"No","Travel_Rarely",582,"Research & Development",28,4,"Life Sciences",1,2034,1,"Female",60,2,4,"Manufacturing Director",2,"Married",13570,5640,0,"Y","No",23,4,3,80,1,21,3,3,20,7,0,10
"288",47,"No","Travel_Rarely",202,"Research & Development",2,2,"Other",1,820,3,"Female",33,3,4,"Manager",4,"Married",16752,12982,1,"Y","Yes",11,3,3,80,1,26,3,2,26,14,3,0
"289",37,"No","Travel_Rarely",1192,"Research & Development",5,2,"Medical",1,460,4,"Male",61,3,2,"Manufacturing Director",4,"Divorced",6347,23177,7,"Y","No",16,3,3,80,2,8,2,2,6,2,0,4
"290",41,"No","Travel_Rarely",548,"Research & Development",9,4,"Life Sciences",1,1772,3,"Male",94,3,1,"Laboratory Technician",1,"Divorced",2289,20520,1,"Y","No",20,4,2,80,2,5,2,3,5,3,0,4
"291",38,"No","Travel_Frequently",216,"Research & Development",23,3,"Life Sciences",1,12,4,"Male",44,2,3,"Manufacturing Director",3,"Single",9526,8787,0,"Y","No",21,4,2,80,0,10,2,3,9,7,1,8
"292",34,"No","Travel_Rarely",1031,"Research & Development",6,4,"Life Sciences",1,151,3,"Female",45,2,2,"Research Scientist",2,"Divorced",4505,15000,6,"Y","No",15,3,3,80,1,12,3,3,1,0,0,0
"293",39,"No","Non-Travel",792,"Research & Development",1,3,"Life Sciences",1,1737,4,"Male",77,3,2,"Laboratory Technician",4,"Married",6472,8989,1,"Y","Yes",15,3,4,80,1,9,2,3,9,8,5,8
"294",58,"No","Travel_Rarely",1272,"Research & Development",5,3,"Technical Degree",1,940,3,"Female",37,2,3,"Healthcare Representative",2,"Divorced",10552,9255,2,"Y","Yes",13,3,4,80,1,24,3,3,6,0,0,4
"295",37,"No","Travel_Rarely",161,"Research & Development",10,3,"Life Sciences",1,2017,3,"Female",42,4,3,"Research Director",4,"Married",13744,15471,1,"Y","Yes",25,4,1,80,1,16,2,3,16,11,6,8
"296",54,"No","Travel_Rarely",1441,"Research & Development",17,3,"Technical Degree",1,1013,3,"Female",56,3,3,"Manufacturing Director",3,"Married",10739,13943,8,"Y","No",11,3,3,80,1,22,2,3,10,7,0,8
"297",31,"Yes","Travel_Rarely",542,"Sales",20,3,"Life Sciences",1,175,2,"Female",71,1,2,"Sales Executive",3,"Married",4559,24788,3,"Y","Yes",11,3,3,80,1,4,2,3,2,2,2,2
"298",26,"No","Non-Travel",786,"Research & Development",7,3,"Medical",1,1693,4,"Male",76,3,1,"Laboratory Technician",4,"Single",2570,11925,1,"Y","No",20,4,3,80,0,7,5,3,7,7,5,7
"299",22,"No","Travel_Rarely",581,"Research & Development",1,2,"Life Sciences",1,2007,4,"Male",63,3,1,"Research Scientist",3,"Single",3375,17624,0,"Y","No",12,3,4,80,0,4,2,4,3,2,1,2
"300",40,"No","Travel_Rarely",611,"Sales",7,4,"Medical",1,1740,2,"Male",88,3,5,"Manager",2,"Single",19833,4349,1,"Y","No",14,3,2,80,0,21,3,2,21,8,12,8
"301",32,"No","Travel_Rarely",495,"Research & Development",10,3,"Medical",1,1516,3,"Male",64,3,3,"Manager",4,"Single",11244,21072,2,"Y","No",25,4,2,80,0,10,5,4,5,2,0,0
"302",27,"No","Travel_Rarely",1302,"Research & Development",19,3,"Other",1,1619,4,"Male",67,2,1,"Laboratory Technician",1,"Divorced",4066,16290,1,"Y","No",11,3,1,80,2,7,3,3,7,7,0,7
"303",48,"No","Travel_Rarely",1108,"Research & Development",15,4,"Other",1,1576,3,"Female",65,3,1,"Research Scientist",1,"Married",2367,16530,8,"Y","No",12,3,4,80,1,10,3,2,8,2,7,6
"304",51,"No","Travel_Rarely",632,"Sales",21,4,"Marketing",1,120,3,"Male",71,3,2,"Sales Executive",4,"Single",5441,8423,0,"Y","Yes",22,4,4,80,0,11,2,1,10,7,1,0
"305",21,"No","Travel_Rarely",391,"Research & Development",15,2,"Life Sciences",1,30,3,"Male",96,3,1,"Research Scientist",4,"Single",1232,19281,1,"Y","No",14,3,4,80,0,0,6,3,0,0,0,0
"306",24,"No","Travel_Frequently",897,"Human Resources",10,3,"Medical",1,1746,1,"Male",59,3,1,"Human Resources",4,"Married",2145,2097,0,"Y","No",14,3,4,80,1,3,2,3,2,2,2,1
"307",40,"No","Travel_Rarely",898,"Human Resources",6,2,"Medical",1,1550,3,"Male",38,3,4,"Manager",4,"Single",16437,17381,1,"Y","Yes",21,4,4,80,0,21,2,3,21,7,7,7
"308",29,"No","Travel_Rarely",468,"Research & Development",28,4,"Medical",1,2054,4,"Female",73,2,1,"Research Scientist",1,"Single",3785,8489,1,"Y","No",14,3,2,80,0,5,3,1,5,4,0,4
"309",36,"No","Travel_Rarely",335,"Sales",17,2,"Marketing",1,1908,3,"Male",33,2,2,"Sales Executive",2,"Married",5507,16822,2,"Y","No",16,3,3,80,2,12,1,1,4,2,1,3
"310",34,"No","Travel_Frequently",1069,"Research & Development",2,1,"Life Sciences",1,256,4,"Male",45,2,2,"Manufacturing Director",3,"Married",9547,14074,1,"Y","No",17,3,3,80,0,10,2,2,10,9,1,9
"311",43,"No","Travel_Rarely",415,"Sales",25,3,"Medical",1,1076,3,"Male",79,2,3,"Sales Executive",4,"Divorced",10798,5268,5,"Y","No",13,3,3,80,1,18,5,3,1,0,0,0
"312",25,"Yes","Travel_Rarely",383,"Sales",9,2,"Life Sciences",1,1439,1,"Male",68,2,1,"Sales Representative",1,"Married",4400,15182,3,"Y","No",12,3,1,80,0,6,2,3,3,2,2,2
"313",43,"Yes","Travel_Frequently",807,"Research & Development",17,3,"Technical Degree",1,1767,3,"Male",38,2,1,"Research Scientist",3,"Married",2437,15587,9,"Y","Yes",16,3,4,80,1,6,4,3,1,0,0,0
"314",18,"Yes","Travel_Frequently",1306,"Sales",5,3,"Marketing",1,614,2,"Male",69,3,1,"Sales Representative",2,"Single",1878,8059,1,"Y","Yes",14,3,4,80,0,0,3,3,0,0,0,0
"315",32,"No","Travel_Rarely",234,"Sales",1,4,"Medical",1,2013,2,"Male",68,2,1,"Sales Representative",2,"Married",2269,18024,0,"Y","No",14,3,2,80,1,3,2,3,2,2,2,2
"316",22,"No","Travel_Rarely",594,"Research & Development",2,1,"Technical Degree",1,169,3,"Male",100,3,1,"Laboratory Technician",4,"Married",2523,19299,0,"Y","No",14,3,3,80,1,3,2,3,2,1,2,1
"317",30,"Yes","Travel_Rarely",1005,"Research & Development",3,3,"Technical Degree",1,297,4,"Female",88,3,1,"Research Scientist",1,"Single",2657,8556,5,"Y","Yes",11,3,3,80,0,8,5,3,5,2,0,4
"318",31,"No","Travel_Rarely",329,"Research & Development",1,2,"Life Sciences",1,530,4,"Male",98,2,1,"Laboratory Technician",1,"Married",2218,16193,1,"Y","No",12,3,3,80,1,4,3,3,4,2,3,2
"319",36,"No","Travel_Frequently",884,"Research & Development",23,2,"Medical",1,2061,3,"Male",41,4,2,"Laboratory Technician",4,"Married",2571,12290,4,"Y","No",17,3,3,80,1,17,3,3,5,2,0,3
"320",43,"No","Travel_Rarely",1473,"Research & Development",8,4,"Other",1,526,3,"Female",74,3,2,"Healthcare Representative",3,"Divorced",4522,2227,4,"Y","Yes",14,3,4,80,0,8,3,3,5,2,0,2
"321",42,"No","Travel_Rarely",1265,"Research & Development",3,3,"Life Sciences",1,894,3,"Female",95,4,2,"Laboratory Technician",4,"Married",5231,23726,2,"Y","Yes",13,3,2,80,1,17,1,2,5,3,1,3
"322",49,"No","Travel_Rarely",527,"Research & Development",8,2,"Other",1,944,1,"Female",51,3,3,"Laboratory Technician",2,"Married",7403,22477,4,"Y","No",11,3,3,80,1,29,3,2,26,9,1,7
"323",26,"No","Travel_Frequently",1096,"Research & Development",6,3,"Other",1,1918,3,"Male",61,4,1,"Laboratory Technician",4,"Married",2544,7102,0,"Y","No",18,3,1,80,1,8,3,3,7,7,7,7
"324",46,"Yes","Travel_Rarely",261,"Research & Development",21,2,"Medical",1,1821,4,"Female",66,3,2,"Healthcare Representative",2,"Married",8926,10842,4,"Y","No",22,4,4,80,1,13,2,4,9,7,3,7
"325",29,"Yes","Travel_Rarely",408,"Sales",23,1,"Life Sciences",1,1165,4,"Female",45,2,3,"Sales Executive",1,"Married",7336,11162,1,"Y","No",13,3,1,80,1,11,3,1,11,8,3,10
"326",31,"Yes","Travel_Frequently",667,"Sales",1,4,"Life Sciences",1,1427,2,"Female",50,1,1,"Sales Representative",3,"Single",1359,16154,1,"Y","No",12,3,2,80,0,1,3,3,1,0,0,0
"327",51,"No","Travel_Rarely",1469,"Research & Development",8,4,"Life Sciences",1,296,2,"Male",81,2,3,"Research Director",2,"Married",12490,15736,5,"Y","No",16,3,4,80,2,16,5,1,10,9,4,7
"328",55,"No","Travel_Rarely",1441,"Research & Development",22,3,"Technical Degree",1,1694,1,"Male",94,2,1,"Research Scientist",2,"Divorced",3537,23737,5,"Y","No",12,3,4,80,1,8,1,3,4,2,1,2
"329",45,"No","Non-Travel",805,"Research & Development",4,2,"Life Sciences",1,972,3,"Male",57,3,2,"Laboratory Technician",2,"Married",4447,23163,1,"Y","No",12,3,2,80,0,9,5,2,9,7,0,8
"330",44,"No","Non-Travel",981,"Research & Development",5,3,"Life Sciences",1,1471,3,"Male",90,2,1,"Laboratory Technician",3,"Single",3162,7973,3,"Y","No",14,3,4,80,0,7,5,3,5,2,0,3
"331",36,"No","Travel_Rarely",1351,"Research & Development",26,4,"Life Sciences",1,1682,1,"Male",80,3,2,"Healthcare Representative",3,"Married",5347,7419,6,"Y","No",14,3,2,80,2,10,2,2,3,2,0,2
"332",37,"No","Travel_Rarely",1319,"Research & Development",6,3,"Medical",1,474,3,"Male",51,4,2,"Research Scientist",1,"Divorced",5974,17001,4,"Y","Yes",13,3,1,80,2,13,2,3,7,7,6,7
"333",34,"No","Travel_Rarely",678,"Research & Development",19,3,"Life Sciences",1,1701,2,"Female",35,2,1,"Research Scientist",4,"Married",2929,20338,1,"Y","No",12,3,2,80,0,10,3,3,10,9,8,7
"334",40,"Yes","Travel_Rarely",1329,"Research & Development",7,3,"Life Sciences",1,1649,1,"Male",73,3,1,"Laboratory Technician",1,"Single",2166,3339,3,"Y","Yes",14,3,2,80,0,10,3,1,4,2,0,3
"335",34,"No","Travel_Rarely",121,"Research & Development",2,4,"Medical",1,804,3,"Female",86,2,1,"Research Scientist",1,"Single",4381,7530,1,"Y","No",11,3,3,80,0,6,3,3,6,5,1,3
"336",53,"No","Travel_Rarely",102,"Research & Development",23,4,"Life Sciences",1,901,4,"Female",72,3,4,"Research Director",4,"Single",14275,20206,6,"Y","No",18,3,3,80,0,33,0,3,12,9,3,8
"337",35,"No","Travel_Rarely",1146,"Human Resources",26,4,"Life Sciences",1,2040,3,"Female",31,3,3,"Human Resources",4,"Single",8837,16642,1,"Y","Yes",16,3,3,80,0,9,2,3,9,0,1,7
"338",47,"No","Travel_Rarely",207,"Research & Development",9,4,"Life Sciences",1,1856,2,"Female",64,3,1,"Laboratory Technician",3,"Single",2105,5411,4,"Y","No",12,3,3,80,0,7,2,3,2,2,2,0
"339",45,"No","Travel_Rarely",954,"Sales",2,2,"Technical Degree",1,783,2,"Male",46,1,2,"Sales Representative",3,"Single",6632,12388,0,"Y","No",13,3,1,80,0,9,3,3,8,7,3,1
"340",45,"No","Travel_Rarely",788,"Human Resources",24,4,"Medical",1,1049,2,"Male",36,3,1,"Human Resources",2,"Single",2177,8318,1,"Y","No",16,3,1,80,0,6,3,3,6,3,0,4
"341",39,"No","Travel_Rarely",1387,"Research & Development",10,5,"Medical",1,1618,2,"Male",76,3,2,"Manufacturing Director",1,"Married",5377,3835,2,"Y","No",13,3,4,80,3,10,3,3,7,7,7,7
"342",37,"No","Travel_Frequently",1278,"Sales",1,4,"Medical",1,1700,3,"Male",31,1,2,"Sales Executive",4,"Divorced",9525,7677,1,"Y","No",14,3,3,80,2,6,2,2,6,3,1,3
"343",38,"No","Travel_Frequently",594,"Research & Development",2,2,"Medical",1,1760,3,"Female",75,2,1,"Laboratory Technician",2,"Married",2468,15963,4,"Y","No",14,3,2,80,1,9,4,2,6,1,0,5
"344",27,"No","Travel_Rarely",1354,"Research & Development",2,4,"Technical Degree",1,1931,2,"Male",41,3,1,"Research Scientist",2,"Married",2226,6073,1,"Y","No",11,3,3,80,1,6,3,2,5,3,1,2
"345",49,"No","Travel_Rarely",809,"Research & Development",1,3,"Life Sciences",1,1677,3,"Male",36,3,4,"Manager",3,"Single",15379,22384,4,"Y","No",14,3,1,80,0,23,2,3,8,7,0,0
"346",33,"No","Travel_Rarely",516,"Research & Development",8,5,"Life Sciences",1,1515,4,"Male",69,3,2,"Healthcare Representative",3,"Single",6388,22049,2,"Y","Yes",17,3,1,80,0,14,6,3,0,0,0,0
"347",34,"Yes","Travel_Frequently",658,"Research & Development",7,3,"Life Sciences",1,147,1,"Male",66,1,2,"Laboratory Technician",3,"Single",6074,22887,1,"Y","Yes",24,4,4,80,0,9,3,3,9,7,0,6
"348",34,"No","Travel_Rarely",1346,"Research & Development",19,2,"Medical",1,18,2,"Male",93,3,1,"Laboratory Technician",4,"Divorced",2661,8758,0,"Y","No",11,3,3,80,1,3,2,3,2,2,1,2
"349",42,"No","Travel_Rarely",319,"Research & Development",24,3,"Medical",1,605,4,"Male",56,3,3,"Manufacturing Director",1,"Married",7406,6950,1,"Y","Yes",21,4,4,80,1,10,5,2,10,9,5,8
"350",31,"No","Travel_Rarely",106,"Human Resources",2,3,"Human Resources",1,424,1,"Male",62,2,2,"Human Resources",1,"Married",6410,17822,3,"Y","No",12,3,4,80,0,9,1,3,2,2,1,0
"351",36,"No","Travel_Frequently",1195,"Research & Development",11,3,"Life Sciences",1,85,2,"Male",95,2,2,"Manufacturing Director",2,"Single",6499,22656,1,"Y","No",13,3,3,80,0,6,3,3,6,5,0,3
"352",37,"No","Travel_Rarely",783,"Research & Development",7,4,"Medical",1,1885,4,"Male",78,3,2,"Research Scientist",1,"Married",4284,13588,5,"Y","Yes",22,4,3,80,1,16,2,3,5,3,0,4
"353",43,"No","Travel_Rarely",1001,"Research & Development",7,3,"Life Sciences",1,451,3,"Female",43,3,3,"Healthcare Representative",1,"Married",9985,9262,8,"Y","No",16,3,1,80,1,10,1,2,1,0,0,0
"354",49,"No","Travel_Rarely",1091,"Research & Development",1,2,"Technical Degree",1,431,3,"Female",90,2,4,"Healthcare Representative",3,"Single",13964,17810,7,"Y","Yes",12,3,4,80,0,25,2,3,7,1,0,7
"355",41,"No","Travel_Rarely",483,"Research & Development",6,3,"Medical",1,466,4,"Male",95,2,2,"Manufacturing Director",2,"Single",6032,10110,6,"Y","Yes",15,3,4,80,0,8,3,3,5,4,1,2
"356",49,"Yes","Travel_Rarely",1184,"Sales",11,3,"Marketing",1,840,3,"Female",43,3,3,"Sales Executive",4,"Married",7654,5860,1,"Y","No",18,3,1,80,2,9,3,4,9,8,7,7
"357",35,"Yes","Travel_Rarely",737,"Sales",10,3,"Medical",1,1639,4,"Male",55,2,3,"Sales Executive",1,"Married",10306,21530,9,"Y","No",17,3,3,80,0,15,3,3,13,12,6,0
"358",43,"No","Travel_Rarely",920,"Research & Development",3,3,"Life Sciences",1,1255,3,"Male",96,1,5,"Research Director",4,"Married",19740,18625,3,"Y","No",14,3,2,80,1,25,2,3,8,7,0,7
"359",33,"Yes","Travel_Rarely",1277,"Research & Development",15,1,"Medical",1,582,2,"Male",56,3,3,"Manager",3,"Married",13610,24619,7,"Y","Yes",12,3,4,80,0,15,2,4,7,6,7,7
"360",37,"No","Travel_Rarely",367,"Research & Development",25,2,"Medical",1,1161,3,"Female",52,2,2,"Healthcare Representative",4,"Divorced",5731,17171,7,"Y","No",13,3,3,80,2,9,2,3,6,2,1,3
"361",34,"No","Travel_Rarely",1351,"Research & Development",1,4,"Life Sciences",1,1580,2,"Male",45,3,2,"Research Scientist",4,"Married",5484,13008,9,"Y","No",17,3,2,80,1,9,3,2,2,2,2,1
"362",25,"No","Travel_Rarely",180,"Research & Development",2,1,"Medical",1,854,1,"Male",65,4,1,"Research Scientist",1,"Single",3424,21632,7,"Y","No",13,3,3,80,0,6,3,2,4,3,0,1
"363",43,"No","Travel_Rarely",177,"Research & Development",8,3,"Life Sciences",1,920,1,"Female",55,3,2,"Manufacturing Director",2,"Divorced",4765,23814,4,"Y","No",21,4,3,80,1,4,2,4,1,0,0,0
"364",35,"No","Travel_Rarely",619,"Sales",1,3,"Marketing",1,600,2,"Male",85,3,2,"Sales Executive",3,"Married",4717,18659,9,"Y","No",11,3,3,80,0,15,2,3,11,9,6,9
"365",35,"Yes","Travel_Rarely",1204,"Sales",4,3,"Technical Degree",1,1100,4,"Male",86,3,3,"Sales Executive",1,"Single",9582,10333,0,"Y","Yes",22,4,1,80,0,9,2,3,8,7,4,7
"366",47,"No","Travel_Rarely",955,"Sales",4,2,"Life Sciences",1,1003,4,"Female",83,3,2,"Sales Executive",4,"Single",4163,8571,1,"Y","Yes",17,3,3,80,0,9,0,3,9,0,0,7
"367",33,"No","Travel_Rarely",134,"Research & Development",2,3,"Life Sciences",1,242,3,"Male",90,3,1,"Research Scientist",4,"Single",2500,10515,0,"Y","No",14,3,1,80,0,4,2,4,3,1,0,2
"368",40,"No","Travel_Rarely",329,"Research & Development",1,4,"Life Sciences",1,1361,2,"Male",88,3,1,"Laboratory Technician",2,"Married",2387,6762,3,"Y","No",22,4,3,80,1,7,3,3,4,2,0,3
"369",32,"No","Travel_Rarely",499,"Sales",2,1,"Marketing",1,1396,3,"Male",36,3,2,"Sales Executive",2,"Married",4078,20497,0,"Y","Yes",13,3,1,80,3,4,3,2,3,2,1,2
"370",40,"No","Travel_Rarely",658,"Sales",10,4,"Marketing",1,954,1,"Male",67,2,3,"Sales Executive",2,"Divorced",9705,20652,2,"Y","No",12,3,2,80,1,11,2,2,1,0,0,0
"371",31,"No","Travel_Rarely",1332,"Research & Development",11,2,"Medical",1,1251,3,"Male",80,3,2,"Healthcare Representative",1,"Married",6833,17089,1,"Y","Yes",12,3,4,80,0,6,2,2,6,5,0,1
"372",43,"No","Travel_Frequently",1082,"Research & Development",27,3,"Life Sciences",1,1126,3,"Female",83,3,3,"Manufacturing Director",1,"Married",10820,11535,8,"Y","No",11,3,3,80,1,18,1,3,8,7,0,1
"373",45,"No","Travel_Rarely",549,"Research & Development",8,4,"Other",1,452,4,"Male",75,3,2,"Research Scientist",4,"Married",3697,9278,9,"Y","No",14,3,1,80,2,12,3,3,10,9,9,8
"374",51,"No","Travel_Frequently",237,"Sales",9,3,"Life Sciences",1,1282,4,"Male",83,3,5,"Manager",2,"Divorced",19847,19196,4,"Y","Yes",24,4,1,80,1,31,5,2,29,10,11,10
"375",39,"No","Travel_Rarely",1383,"Human Resources",2,3,"Life Sciences",1,909,4,"Female",42,2,2,"Human Resources",4,"Married",5204,7790,8,"Y","No",11,3,3,80,2,13,2,3,5,4,0,4
"376",37,"No","Travel_Rarely",1439,"Research & Development",4,1,"Life Sciences",1,1394,3,"Male",54,3,1,"Research Scientist",3,"Married",2996,5182,7,"Y","Yes",15,3,4,80,0,8,2,3,6,4,1,3
"377",55,"No","Travel_Rarely",1229,"Research & Development",4,4,"Life Sciences",1,1501,4,"Male",30,3,2,"Healthcare Representative",3,"Married",4035,16143,0,"Y","Yes",16,3,2,80,0,4,2,3,3,2,1,2
"378",31,"Yes","Travel_Rarely",202,"Research & Development",8,3,"Life Sciences",1,1433,1,"Female",34,2,1,"Research Scientist",2,"Single",1261,22262,1,"Y","No",12,3,3,80,0,1,3,4,1,0,0,0
"379",53,"No","Travel_Rarely",1070,"Research & Development",3,4,"Medical",1,386,3,"Male",45,3,4,"Research Director",3,"Married",17584,21016,3,"Y","Yes",16,3,4,80,3,21,5,2,5,3,1,3
"380",52,"Yes","Travel_Rarely",723,"Research & Development",8,4,"Medical",1,433,3,"Male",85,2,2,"Research Scientist",2,"Married",4941,17747,2,"Y","No",15,3,1,80,0,11,3,2,8,2,7,7
"381",42,"No","Non-Travel",495,"Research & Development",2,1,"Life Sciences",1,1334,3,"Male",37,3,4,"Manager",3,"Married",17861,26582,0,"Y","Yes",13,3,4,80,0,21,3,2,20,8,2,10
"382",28,"No","Travel_Rarely",760,"Sales",2,4,"Marketing",1,846,2,"Female",81,3,2,"Sales Executive",2,"Married",4779,3698,1,"Y","Yes",20,4,1,80,0,8,2,3,8,7,7,5
"383",35,"No","Travel_Rarely",1276,"Research & Development",16,3,"Life Sciences",1,586,4,"Male",72,3,3,"Healthcare Representative",3,"Married",7632,14295,4,"Y","Yes",12,3,3,80,0,10,2,3,8,7,0,0
"384",42,"No","Travel_Rarely",1142,"Research & Development",8,3,"Life Sciences",1,1860,4,"Male",81,3,1,"Laboratory Technician",3,"Single",3968,13624,4,"Y","No",13,3,4,80,0,8,3,3,0,0,0,0
"385",45,"No","Travel_Rarely",1015,"Research & Development",5,5,"Medical",1,1611,3,"Female",50,1,2,"Laboratory Technician",1,"Single",5769,23447,1,"Y","Yes",14,3,1,80,0,10,3,3,10,7,1,4
"386",29,"Yes","Travel_Rarely",906,"Research & Development",10,3,"Life Sciences",1,994,4,"Female",92,2,1,"Research Scientist",1,"Single",2404,11479,6,"Y","Yes",20,4,3,80,0,3,5,3,0,0,0,0
"387",28,"No","Travel_Rarely",950,"Research & Development",3,3,"Medical",1,1121,4,"Female",93,3,3,"Manufacturing Director",2,"Divorced",7655,8039,0,"Y","No",17,3,2,80,3,10,3,2,9,7,1,7
"388",25,"No","Travel_Rarely",883,"Sales",26,1,"Medical",1,781,3,"Female",32,3,2,"Sales Executive",4,"Single",6180,22807,1,"Y","No",23,4,2,80,0,6,5,2,6,5,1,4
"389",44,"No","Travel_Rarely",661,"Research & Development",9,2,"Life Sciences",1,913,2,"Male",61,3,1,"Research Scientist",1,"Married",2559,7508,1,"Y","Yes",13,3,4,80,0,8,0,3,8,7,7,1
"390",40,"No","Travel_Rarely",630,"Sales",4,4,"Marketing",1,215,3,"Male",67,2,3,"Sales Executive",4,"Married",10855,8552,7,"Y","No",11,3,1,80,1,15,2,2,12,11,2,11
"391",42,"Yes","Travel_Frequently",933,"Research & Development",19,3,"Medical",1,752,3,"Male",57,4,1,"Research Scientist",3,"Divorced",2759,20366,6,"Y","Yes",12,3,4,80,0,7,2,3,2,2,2,2
"392",40,"No","Travel_Frequently",720,"Research & Development",16,4,"Medical",1,832,1,"Male",51,2,2,"Laboratory Technician",3,"Single",5094,11983,6,"Y","No",14,3,4,80,0,10,6,3,1,0,0,0
"393",38,"No","Non-Travel",1327,"Sales",2,2,"Life Sciences",1,361,4,"Male",39,2,2,"Sales Executive",4,"Married",5249,19682,3,"Y","No",18,3,4,80,1,13,0,3,8,7,7,5
"394",31,"No","Travel_Frequently",853,"Research & Development",1,1,"Life Sciences",1,1011,3,"Female",96,3,2,"Manufacturing Director",1,"Married",4148,11275,1,"Y","No",12,3,3,80,1,4,1,3,4,3,0,3
"395",52,"No","Travel_Rarely",621,"Sales",3,4,"Marketing",1,776,3,"Male",31,2,4,"Manager",1,"Married",16856,10084,1,"Y","No",11,3,1,80,0,34,3,4,34,6,1,16
"396",30,"No","Travel_Rarely",852,"Research & Development",1,1,"Life Sciences",1,104,4,"Male",55,2,2,"Laboratory Technician",4,"Married",5126,15998,1,"Y","Yes",12,3,3,80,2,10,1,2,10,8,3,0
"397",40,"No","Travel_Rarely",896,"Research & Development",2,3,"Medical",1,1474,3,"Male",68,3,1,"Research Scientist",3,"Divorced",2345,8045,2,"Y","No",14,3,3,80,1,8,3,4,3,1,1,2
"398",51,"No","Travel_Rarely",1302,"Research & Development",2,3,"Medical",1,408,4,"Male",84,1,2,"Manufacturing Director",2,"Divorced",5482,16321,5,"Y","No",18,3,4,80,1,13,3,3,4,1,1,2
"399",37,"No","Travel_Rarely",1462,"Research & Development",11,3,"Medical",1,1411,1,"Female",94,3,1,"Laboratory Technician",3,"Single",3629,19106,4,"Y","No",18,3,1,80,0,8,6,3,3,2,0,2
"400",48,"No","Travel_Frequently",365,"Research & Development",4,5,"Medical",1,1644,3,"Male",89,2,4,"Manager",4,"Married",15202,5602,2,"Y","No",25,4,2,80,1,23,3,3,2,2,2,2
"401",53,"No","Travel_Rarely",1395,"Research & Development",24,4,"Medical",1,1689,2,"Male",48,4,3,"Healthcare Representative",4,"Married",7005,3458,3,"Y","No",15,3,3,80,0,11,2,3,4,3,1,2
"402",23,"Yes","Travel_Frequently",638,"Sales",9,3,"Marketing",1,2023,4,"Male",33,3,1,"Sales Representative",1,"Married",1790,26956,1,"Y","No",19,3,1,80,1,1,3,2,1,0,1,0
"403",43,"No","Travel_Rarely",574,"Research & Development",11,3,"Life Sciences",1,1971,1,"Male",30,3,3,"Healthcare Representative",3,"Married",7510,16873,1,"Y","No",17,3,2,80,1,10,1,3,10,9,0,9
"404",49,"No","Travel_Rarely",301,"Research & Development",22,4,"Other",1,1655,1,"Female",72,3,4,"Research Director",2,"Married",16413,3498,3,"Y","No",16,3,2,80,2,27,2,3,4,2,1,2
"405",43,"No","Travel_Frequently",422,"Research & Development",1,3,"Life Sciences",1,902,4,"Female",33,3,2,"Healthcare Representative",4,"Married",5562,21782,4,"Y","No",13,3,2,80,1,12,2,2,5,2,2,2
"406",27,"No","Travel_Frequently",1297,"Research & Development",5,2,"Life Sciences",1,1850,4,"Female",53,3,1,"Laboratory Technician",4,"Single",2379,19826,0,"Y","Yes",14,3,3,80,0,6,3,2,5,4,0,2
"407",56,"No","Travel_Rarely",1443,"Sales",11,5,"Marketing",1,1935,4,"Female",89,2,2,"Sales Executive",1,"Married",5380,20328,4,"Y","No",16,3,3,80,1,6,3,3,0,0,0,0
"408",44,"No","Non-Travel",111,"Research & Development",17,3,"Life Sciences",1,1206,4,"Male",74,1,1,"Research Scientist",3,"Single",2290,4279,2,"Y","No",13,3,4,80,0,6,3,3,0,0,0,0
"409",28,"No","Travel_Rarely",1423,"Research & Development",1,3,"Life Sciences",1,1506,1,"Male",72,2,1,"Research Scientist",3,"Divorced",1563,12530,1,"Y","No",14,3,4,80,1,1,2,1,1,0,0,0
"410",46,"No","Travel_Rarely",705,"Sales",2,4,"Marketing",1,38,2,"Female",83,3,5,"Manager",1,"Single",18947,22822,3,"Y","No",12,3,4,80,0,22,2,2,2,2,2,1
"411",35,"No","Travel_Rarely",882,"Sales",3,4,"Life Sciences",1,984,4,"Male",92,3,3,"Sales Executive",4,"Divorced",7823,6812,6,"Y","No",13,3,2,80,1,12,2,3,10,9,0,8
"412",24,"No","Travel_Rarely",350,"Research & Development",21,2,"Technical Degree",1,1551,3,"Male",57,2,1,"Laboratory Technician",1,"Divorced",2296,10036,0,"Y","No",14,3,2,80,3,2,3,3,1,1,0,0
"413",50,"No","Travel_Frequently",1115,"Research & Development",1,3,"Life Sciences",1,141,1,"Female",73,3,5,"Research Director",2,"Married",18172,9755,3,"Y","Yes",19,3,1,80,0,28,1,2,8,3,0,7
"414",26,"Yes","Non-Travel",265,"Sales",29,2,"Medical",1,1037,2,"Male",79,1,2,"Sales Executive",1,"Single",4969,21813,8,"Y","No",18,3,4,80,0,7,6,3,2,2,2,2
"415",35,"No","Travel_Frequently",636,"Research & Development",4,4,"Other",1,1185,4,"Male",47,2,1,"Laboratory Technician",4,"Married",2376,26537,1,"Y","No",13,3,2,80,1,2,2,4,2,2,2,2
"416",28,"Yes","Travel_Rarely",329,"Research & Development",24,3,"Medical",1,1604,3,"Male",51,3,1,"Laboratory Technician",2,"Married",2408,7324,1,"Y","Yes",17,3,3,80,3,1,3,3,1,1,0,0
"417",29,"Yes","Travel_Frequently",746,"Sales",24,3,"Technical Degree",1,1928,3,"Male",45,4,1,"Sales Representative",1,"Single",1091,10642,1,"Y","No",17,3,4,80,0,1,3,3,1,0,0,0
"418",37,"No","Travel_Rarely",1225,"Research & Development",10,2,"Life Sciences",1,715,4,"Male",80,4,1,"Research Scientist",4,"Single",4680,15232,3,"Y","No",17,3,1,80,0,4,2,3,1,0,0,0
"419",27,"Yes","Travel_Rarely",1420,"Sales",2,1,"Marketing",1,667,3,"Male",85,3,1,"Sales Representative",1,"Divorced",3041,16346,0,"Y","No",11,3,2,80,1,5,3,3,4,3,0,2
"420",29,"Yes","Travel_Frequently",115,"Sales",13,3,"Technical Degree",1,1487,1,"Female",51,3,2,"Sales Executive",2,"Single",5765,17485,5,"Y","No",11,3,1,80,0,7,4,1,5,3,0,0
"421",41,"No","Travel_Rarely",167,"Research & Development",12,4,"Life Sciences",1,1158,2,"Male",46,3,1,"Laboratory Technician",4,"Married",4766,9051,3,"Y","Yes",11,3,1,80,1,6,4,3,1,0,0,0
"422",46,"No","Travel_Rarely",1003,"Research & Development",8,4,"Life Sciences",1,1080,4,"Female",74,2,2,"Research Scientist",1,"Divorced",4615,21029,8,"Y","Yes",23,4,1,80,3,19,2,3,16,13,1,7
"423",38,"No","Travel_Rarely",849,"Research & Development",25,2,"Life Sciences",1,421,1,"Female",81,2,3,"Research Director",2,"Married",12061,26707,3,"Y","No",17,3,3,80,1,19,2,3,10,8,0,1
"424",25,"No","Travel_Rarely",266,"Research & Development",1,3,"Medical",1,1303,4,"Female",40,3,1,"Research Scientist",2,"Single",2096,18830,1,"Y","No",18,3,4,80,0,2,3,2,2,2,2,1
"425",35,"No","Travel_Rarely",776,"Sales",1,4,"Marketing",1,100,3,"Male",32,2,2,"Sales Executive",1,"Single",4312,23016,0,"Y","No",14,3,2,80,0,16,2,3,15,13,2,8
"426",30,"No","Travel_Rarely",1138,"Research & Development",6,3,"Technical Degree",1,1311,1,"Female",48,2,2,"Laboratory Technician",4,"Married",4627,23631,0,"Y","No",12,3,1,80,1,10,6,3,9,2,6,7
"427",37,"No","Travel_Rarely",674,"Research & Development",13,3,"Medical",1,1543,1,"Male",47,3,2,"Research Scientist",4,"Married",4285,3031,1,"Y","No",17,3,1,80,0,10,2,3,10,8,3,7
"428",50,"No","Non-Travel",881,"Research & Development",2,4,"Life Sciences",1,905,1,"Male",98,3,4,"Manager",1,"Divorced",17924,4544,1,"Y","No",11,3,4,80,1,31,3,3,31,6,14,7
"429",42,"No","Travel_Rarely",635,"Sales",1,1,"Life Sciences",1,387,2,"Male",99,3,2,"Sales Executive",3,"Married",4907,24532,1,"Y","No",25,4,3,80,0,20,3,3,20,16,11,6
"430",31,"No","Travel_Rarely",480,"Research & Development",7,2,"Medical",1,524,2,"Female",31,3,2,"Manufacturing Director",1,"Married",4306,4156,1,"Y","No",12,3,2,80,1,13,5,1,13,10,3,12
"431",55,"No","Travel_Rarely",836,"Research & Development",8,3,"Medical",1,84,4,"Female",33,3,4,"Manager",3,"Divorced",14756,19730,2,"Y","Yes",14,3,3,80,3,21,2,3,5,0,0,2
"432",54,"No","Travel_Rarely",584,"Research & Development",22,5,"Medical",1,1665,2,"Female",91,3,4,"Manager",3,"Married",17426,18685,3,"Y","No",25,4,3,80,1,36,6,3,10,8,4,7
"433",43,"No","Travel_Frequently",1001,"Research & Development",9,5,"Medical",1,663,4,"Male",72,3,2,"Laboratory Technician",3,"Divorced",5679,19627,3,"Y","Yes",13,3,2,80,1,10,3,3,8,7,4,7
"434",31,"No","Travel_Frequently",1125,"Sales",7,4,"Marketing",1,1833,1,"Female",68,3,3,"Sales Executive",1,"Married",9637,8277,2,"Y","No",14,3,4,80,2,9,3,3,3,2,2,2
"435",42,"No","Travel_Rarely",1396,"Research & Development",6,3,"Medical",1,1911,3,"Male",83,3,3,"Research Director",1,"Married",13348,14842,9,"Y","No",13,3,2,80,1,18,3,4,13,7,5,7
"436",35,"No","Travel_Rarely",1490,"Research & Development",11,4,"Medical",1,2003,4,"Male",43,3,1,"Laboratory Technician",3,"Married",2660,20232,7,"Y","Yes",11,3,3,80,1,5,3,3,2,2,2,2
"437",32,"No","Travel_Rarely",1093,"Sales",6,4,"Medical",1,125,2,"Male",87,3,2,"Sales Executive",3,"Single",5010,24301,1,"Y","No",16,3,1,80,0,12,0,3,11,8,5,7
"438",40,"No","Travel_Rarely",1492,"Research & Development",20,4,"Technical Degree",1,1092,1,"Male",61,3,3,"Healthcare Representative",4,"Married",10322,26542,4,"Y","No",20,4,4,80,1,14,6,3,11,10,11,1
"439",30,"No","Travel_Rarely",1329,"Sales",29,4,"Life Sciences",1,1211,3,"Male",61,3,2,"Sales Executive",1,"Divorced",4115,13192,8,"Y","No",19,3,3,80,3,8,3,3,4,3,0,3
"440",42,"No","Travel_Frequently",288,"Research & Development",2,3,"Life Sciences",1,1547,4,"Male",40,3,3,"Healthcare Representative",4,"Married",10124,18611,2,"Y","Yes",14,3,3,80,1,24,3,1,20,8,13,9
"441",42,"No","Travel_Rarely",691,"Sales",8,4,"Marketing",1,35,3,"Male",48,3,2,"Sales Executive",2,"Married",6825,21173,0,"Y","No",11,3,4,80,1,10,2,3,9,7,4,2
"442",41,"No","Travel_Rarely",930,"Sales",3,3,"Life Sciences",1,2037,3,"Male",57,2,2,"Sales Executive",2,"Divorced",8938,12227,2,"Y","No",11,3,3,80,1,14,5,3,5,4,0,4
"443",43,"No","Travel_Rarely",982,"Research & Development",12,3,"Life Sciences",1,520,1,"Male",59,2,4,"Research Director",2,"Divorced",14336,4345,1,"Y","No",11,3,3,80,1,25,3,3,25,10,3,9
"444",40,"No","Travel_Frequently",593,"Research & Development",9,4,"Medical",1,1166,2,"Female",88,3,3,"Research Director",3,"Single",13499,13782,9,"Y","No",17,3,3,80,0,20,3,2,18,7,2,13
"445",56,"No","Travel_Frequently",1240,"Research & Development",9,3,"Medical",1,1071,1,"Female",63,3,1,"Research Scientist",3,"Married",2942,12154,2,"Y","No",19,3,2,80,1,18,4,3,5,4,0,3
"446",58,"No","Travel_Rarely",682,"Sales",10,4,"Medical",1,131,4,"Male",37,3,4,"Sales Executive",3,"Single",13872,24409,0,"Y","No",13,3,3,80,0,38,1,2,37,10,1,8
"447",38,"No","Travel_Rarely",1084,"Research & Development",29,3,"Technical Degree",1,273,4,"Male",54,3,2,"Manufacturing Director",4,"Married",6261,4185,3,"Y","No",18,3,1,80,1,9,3,1,7,7,1,7
"448",59,"No","Travel_Rarely",1089,"Sales",1,2,"Technical Degree",1,1048,2,"Male",66,3,3,"Manager",4,"Married",11904,11038,3,"Y","Yes",14,3,3,80,1,14,1,1,6,4,0,4
"449",43,"No","Travel_Rarely",1273,"Research & Development",2,2,"Medical",1,46,4,"Female",72,4,1,"Research Scientist",3,"Divorced",2645,21923,1,"Y","No",12,3,4,80,2,6,3,2,5,3,1,4
"450",53,"No","Travel_Rarely",970,"Research & Development",7,3,"Life Sciences",1,730,3,"Male",59,4,4,"Research Director",3,"Married",14814,13514,3,"Y","No",19,3,3,80,0,32,3,3,5,1,1,3
"451",46,"No","Travel_Rarely",1125,"Sales",10,3,"Marketing",1,580,3,"Female",94,2,3,"Sales Executive",4,"Married",9071,11563,2,"Y","Yes",19,3,3,80,1,15,3,3,3,2,1,2
"452",31,"No","Travel_Rarely",741,"Research & Development",2,4,"Life Sciences",1,1721,2,"Male",69,3,1,"Laboratory Technician",3,"Married",3477,18103,1,"Y","No",14,3,4,80,1,6,2,4,5,2,0,3
"453",37,"No","Travel_Rarely",558,"Sales",2,3,"Marketing",1,656,4,"Male",75,3,2,"Sales Executive",3,"Married",9602,3010,4,"Y","Yes",11,3,3,80,1,17,3,2,3,0,1,0
"454",46,"No","Travel_Frequently",638,"Research & Development",1,3,"Medical",1,124,3,"Male",40,2,3,"Healthcare Representative",1,"Married",10673,3142,2,"Y","Yes",13,3,3,80,1,21,5,2,10,9,9,5
"455",41,"No","Travel_Rarely",447,"Research & Development",5,3,"Life Sciences",1,1814,2,"Male",85,4,2,"Healthcare Representative",2,"Single",6870,15530,3,"Y","No",12,3,1,80,0,11,3,1,3,2,1,2
"456",31,"No","Non-Travel",697,"Research & Development",10,3,"Medical",1,1979,3,"Female",40,3,3,"Research Director",3,"Married",11031,26862,4,"Y","No",20,4,3,80,1,13,2,4,11,7,4,8
"457",28,"Yes","Travel_Rarely",529,"Research & Development",2,4,"Life Sciences",1,364,1,"Male",79,3,1,"Laboratory Technician",3,"Single",3485,14935,2,"Y","No",11,3,3,80,0,5,5,1,0,0,0,0
"458",29,"No","Travel_Frequently",995,"Research & Development",2,1,"Life Sciences",1,1590,1,"Male",87,3,2,"Healthcare Representative",4,"Divorced",8853,24483,1,"Y","No",19,3,4,80,1,6,0,4,6,4,1,3
"459",38,"Yes","Travel_Rarely",903,"Research & Development",2,3,"Medical",1,1573,3,"Male",81,3,2,"Manufacturing Director",2,"Married",4855,7653,4,"Y","No",11,3,1,80,2,7,2,3,5,2,1,4
"460",34,"No","Travel_Frequently",648,"Human Resources",11,3,"Life Sciences",1,1289,3,"Male",56,2,2,"Human Resources",2,"Married",4490,21833,4,"Y","No",11,3,4,80,2,14,5,4,10,9,1,8
